split_id,model_seed,related_pair_count,layer,linear_cka,anchor_run_id,other_run_id
s0,17,0,embedding,0.7704641235042734,geometry-bundle-s0-anchor-transformer-seed17,geometry-bundle-s0-r0-transformer-seed17
s0,17,0,block_01,0.1629589693518806,geometry-bundle-s0-anchor-transformer-seed17,geometry-bundle-s0-r0-transformer-seed17
s0,17,0,block_02,0.20333879447876452,geometry-bundle-s0-anchor-transformer-seed17,geometry-bundle-s0-r0-transformer-seed17
s0,17,0,block_03,0.21167520791491296,geometry-bundle-s0-anchor-transformer-seed17,geometry-bundle-s0-r0-transformer-seed17
s0,17,0,block_04,0.1805921348540387,geometry-bundle-s0-anchor-transformer-seed17,geometry-bundle-s0-r0-transformer-seed17
s0,17,0,final_norm,0.15738719961341532,geometry-bundle-s0-anchor-transformer-seed17,geometry-bundle-s0-r0-transformer-seed17
s0,17,1,embedding,0.7472421509329342,geometry-bundle-s0-anchor-transformer-seed17,geometry-bundle-s0-r1-transformer-seed17
s0,17,1,block_01,0.13006599794492976,geometry-bundle-s0-anchor-transformer-seed17,geometry-bundle-s0-r1-transformer-seed17
s0,17,1,block_02,0.15636549992672744,geometry-bundle-s0-anchor-transformer-seed17,geometry-bundle-s0-r1-transformer-seed17
s0,17,1,block_03,0.1585230485187231,geometry-bundle-s0-anchor-transformer-seed17,geometry-bundle-s0-r1-transformer-seed17
s0,17,1,block_04,0.16563205936558398,geometry-bundle-s0-anchor-transformer-seed17,geometry-bundle-s0-r1-transformer-seed17
s0,17,1,final_norm,0.18694529759720274,geometry-bundle-s0-anchor-transformer-seed17,geometry-bundle-s0-r1-transformer-seed17
s0,17,2,embedding,0.8129444271966698,geometry-bundle-s0-anchor-transformer-seed17,geometry-bundle-s0-r2-transformer-seed17
s0,17,2,block_01,0.1476779737791764,geometry-bundle-s0-anchor-transformer-seed17,geometry-bundle-s0-r2-transformer-seed17
s0,17,2,block_02,0.14489281080102592,geometry-bundle-s0-anchor-transformer-seed17,geometry-bundle-s0-r2-transformer-seed17
s0,17,2,block_03,0.13784140380340468,geometry-bundle-s0-anchor-transformer-seed17,geometry-bundle-s0-r2-transformer-seed17
s0,17,2,block_04,0.11271395022630608,geometry-bundle-s0-anchor-transformer-seed17,geometry-bundle-s0-r2-transformer-seed17
s0,17,2,final_norm,0.1270303378502099,geometry-bundle-s0-anchor-transformer-seed17,geometry-bundle-s0-r2-transformer-seed17
s0,17,4,embedding,0.8778047275391242,geometry-bundle-s0-anchor-transformer-seed17,geometry-bundle-s0-r4-transformer-seed17
s0,17,4,block_01,0.08189273659034851,geometry-bundle-s0-anchor-transformer-seed17,geometry-bundle-s0-r4-transformer-seed17
s0,17,4,block_02,0.09459136048545193,geometry-bundle-s0-anchor-transformer-seed17,geometry-bundle-s0-r4-transformer-seed17
s0,17,4,block_03,0.09316157124842234,geometry-bundle-s0-anchor-transformer-seed17,geometry-bundle-s0-r4-transformer-seed17
s0,17,4,block_04,0.07661629252619238,geometry-bundle-s0-anchor-transformer-seed17,geometry-bundle-s0-r4-transformer-seed17
s0,17,4,final_norm,0.0791734333347704,geometry-bundle-s0-anchor-transformer-seed17,geometry-bundle-s0-r4-transformer-seed17
s0,42,0,embedding,0.7753032849381275,geometry-bundle-s0-anchor-transformer-seed42,geometry-bundle-s0-r0-transformer-seed42
s0,42,0,block_01,0.22651743533165852,geometry-bundle-s0-anchor-transformer-seed42,geometry-bundle-s0-r0-transformer-seed42
s0,42,0,block_02,0.20345278846458714,geometry-bundle-s0-anchor-transformer-seed42,geometry-bundle-s0-r0-transformer-seed42
s0,42,0,block_03,0.15847573263417566,geometry-bundle-s0-anchor-transformer-seed42,geometry-bundle-s0-r0-transformer-seed42
s0,42,0,block_04,0.15983572508690883,geometry-bundle-s0-anchor-transformer-seed42,geometry-bundle-s0-r0-transformer-seed42
s0,42,0,final_norm,0.18366488016595553,geometry-bundle-s0-anchor-transformer-seed42,geometry-bundle-s0-r0-transformer-seed42
s0,42,1,embedding,0.7861304984328664,geometry-bundle-s0-anchor-transformer-seed42,geometry-bundle-s0-r1-transformer-seed42
s0,42,1,block_01,0.11122215539247113,geometry-bundle-s0-anchor-transformer-seed42,geometry-bundle-s0-r1-transformer-seed42
s0,42,1,block_02,0.13087051749996473,geometry-bundle-s0-anchor-transformer-seed42,geometry-bundle-s0-r1-transformer-seed42
s0,42,1,block_03,0.12036820896480281,geometry-bundle-s0-anchor-transformer-seed42,geometry-bundle-s0-r1-transformer-seed42
s0,42,1,block_04,0.12394352515137722,geometry-bundle-s0-anchor-transformer-seed42,geometry-bundle-s0-r1-transformer-seed42
s0,42,1,final_norm,0.16525721883628733,geometry-bundle-s0-anchor-transformer-seed42,geometry-bundle-s0-r1-transformer-seed42
s0,42,2,embedding,0.7807390973310767,geometry-bundle-s0-anchor-transformer-seed42,geometry-bundle-s0-r2-transformer-seed42
s0,42,2,block_01,0.1843289326610335,geometry-bundle-s0-anchor-transformer-seed42,geometry-bundle-s0-r2-transformer-seed42
s0,42,2,block_02,0.14155101801392628,geometry-bundle-s0-anchor-transformer-seed42,geometry-bundle-s0-r2-transformer-seed42
s0,42,2,block_03,0.09934531942942819,geometry-bundle-s0-anchor-transformer-seed42,geometry-bundle-s0-r2-transformer-seed42
s0,42,2,block_04,0.06204804826105952,geometry-bundle-s0-anchor-transformer-seed42,geometry-bundle-s0-r2-transformer-seed42
s0,42,2,final_norm,0.08060099522095977,geometry-bundle-s0-anchor-transformer-seed42,geometry-bundle-s0-r2-transformer-seed42
s0,42,4,embedding,0.8387853742932343,geometry-bundle-s0-anchor-transformer-seed42,geometry-bundle-s0-r4-transformer-seed42
s0,42,4,block_01,0.1298055889719789,geometry-bundle-s0-anchor-transformer-seed42,geometry-bundle-s0-r4-transformer-seed42
s0,42,4,block_02,0.11026455951229402,geometry-bundle-s0-anchor-transformer-seed42,geometry-bundle-s0-r4-transformer-seed42
s0,42,4,block_03,0.11081256146389416,geometry-bundle-s0-anchor-transformer-seed42,geometry-bundle-s0-r4-transformer-seed42
s0,42,4,block_04,0.15128287092357512,geometry-bundle-s0-anchor-transformer-seed42,geometry-bundle-s0-r4-transformer-seed42
s0,42,4,final_norm,0.19111266546888045,geometry-bundle-s0-anchor-transformer-seed42,geometry-bundle-s0-r4-transformer-seed42
s0,101,0,embedding,0.7361961864449135,geometry-bundle-s0-anchor-transformer-seed101,geometry-bundle-s0-r0-transformer-seed101
s0,101,0,block_01,0.28727208148661326,geometry-bundle-s0-anchor-transformer-seed101,geometry-bundle-s0-r0-transformer-seed101
s0,101,0,block_02,0.25987165182319905,geometry-bundle-s0-anchor-transformer-seed101,geometry-bundle-s0-r0-transformer-seed101
s0,101,0,block_03,0.2566100483571591,geometry-bundle-s0-anchor-transformer-seed101,geometry-bundle-s0-r0-transformer-seed101
s0,101,0,block_04,0.20390038516110418,geometry-bundle-s0-anchor-transformer-seed101,geometry-bundle-s0-r0-transformer-seed101
s0,101,0,final_norm,0.18913953084350338,geometry-bundle-s0-anchor-transformer-seed101,geometry-bundle-s0-r0-transformer-seed101
s0,101,1,embedding,0.759455692601499,geometry-bundle-s0-anchor-transformer-seed101,geometry-bundle-s0-r1-transformer-seed101
s0,101,1,block_01,0.18714722736484313,geometry-bundle-s0-anchor-transformer-seed101,geometry-bundle-s0-r1-transformer-seed101
s0,101,1,block_02,0.17713382690175233,geometry-bundle-s0-anchor-transformer-seed101,geometry-bundle-s0-r1-transformer-seed101
s0,101,1,block_03,0.19511648296915207,geometry-bundle-s0-anchor-transformer-seed101,geometry-bundle-s0-r1-transformer-seed101
s0,101,1,block_04,0.155034740193788,geometry-bundle-s0-anchor-transformer-seed101,geometry-bundle-s0-r1-transformer-seed101
s0,101,1,final_norm,0.17437476996058623,geometry-bundle-s0-anchor-transformer-seed101,geometry-bundle-s0-r1-transformer-seed101
s0,101,2,embedding,0.7760673638391774,geometry-bundle-s0-anchor-transformer-seed101,geometry-bundle-s0-r2-transformer-seed101
s0,101,2,block_01,0.24865026985406155,geometry-bundle-s0-anchor-transformer-seed101,geometry-bundle-s0-r2-transformer-seed101
s0,101,2,block_02,0.18755600784897145,geometry-bundle-s0-anchor-transformer-seed101,geometry-bundle-s0-r2-transformer-seed101
s0,101,2,block_03,0.16720577412932866,geometry-bundle-s0-anchor-transformer-seed101,geometry-bundle-s0-r2-transformer-seed101
s0,101,2,block_04,0.1116015104888057,geometry-bundle-s0-anchor-transformer-seed101,geometry-bundle-s0-r2-transformer-seed101
s0,101,2,final_norm,0.10925135814478219,geometry-bundle-s0-anchor-transformer-seed101,geometry-bundle-s0-r2-transformer-seed101
s0,101,4,embedding,0.7786122381956629,geometry-bundle-s0-anchor-transformer-seed101,geometry-bundle-s0-r4-transformer-seed101
s0,101,4,block_01,0.20411217359411074,geometry-bundle-s0-anchor-transformer-seed101,geometry-bundle-s0-r4-transformer-seed101
s0,101,4,block_02,0.1724365501426583,geometry-bundle-s0-anchor-transformer-seed101,geometry-bundle-s0-r4-transformer-seed101
s0,101,4,block_03,0.07651298394433184,geometry-bundle-s0-anchor-transformer-seed101,geometry-bundle-s0-r4-transformer-seed101
s0,101,4,block_04,0.04266190843889649,geometry-bundle-s0-anchor-transformer-seed101,geometry-bundle-s0-r4-transformer-seed101
s0,101,4,final_norm,0.04479323112776983,geometry-bundle-s0-anchor-transformer-seed101,geometry-bundle-s0-r4-transformer-seed101
s1,17,0,embedding,0.8070361155525491,geometry-bundle-s1-anchor-transformer-seed17,geometry-bundle-s1-r0-transformer-seed17
s1,17,0,block_01,0.6448110577762671,geometry-bundle-s1-anchor-transformer-seed17,geometry-bundle-s1-r0-transformer-seed17
s1,17,0,block_02,0.680607522045081,geometry-bundle-s1-anchor-transformer-seed17,geometry-bundle-s1-r0-transformer-seed17
s1,17,0,block_03,0.6659574115812372,geometry-bundle-s1-anchor-transformer-seed17,geometry-bundle-s1-r0-transformer-seed17
s1,17,0,block_04,0.34508156365476045,geometry-bundle-s1-anchor-transformer-seed17,geometry-bundle-s1-r0-transformer-seed17
s1,17,0,final_norm,0.3519125962249988,geometry-bundle-s1-anchor-transformer-seed17,geometry-bundle-s1-r0-transformer-seed17
s1,17,1,embedding,0.8891253808086752,geometry-bundle-s1-anchor-transformer-seed17,geometry-bundle-s1-r1-transformer-seed17
s1,17,1,block_01,0.71207442145634,geometry-bundle-s1-anchor-transformer-seed17,geometry-bundle-s1-r1-transformer-seed17
s1,17,1,block_02,0.757431941997413,geometry-bundle-s1-anchor-transformer-seed17,geometry-bundle-s1-r1-transformer-seed17
s1,17,1,block_03,0.7016256432332612,geometry-bundle-s1-anchor-transformer-seed17,geometry-bundle-s1-r1-transformer-seed17
s1,17,1,block_04,0.3228203838088931,geometry-bundle-s1-anchor-transformer-seed17,geometry-bundle-s1-r1-transformer-seed17
s1,17,1,final_norm,0.2829254688117596,geometry-bundle-s1-anchor-transformer-seed17,geometry-bundle-s1-r1-transformer-seed17
s1,17,2,embedding,0.9341696067782042,geometry-bundle-s1-anchor-transformer-seed17,geometry-bundle-s1-r2-transformer-seed17
s1,17,2,block_01,0.7883949458029738,geometry-bundle-s1-anchor-transformer-seed17,geometry-bundle-s1-r2-transformer-seed17
s1,17,2,block_02,0.7446118641979411,geometry-bundle-s1-anchor-transformer-seed17,geometry-bundle-s1-r2-transformer-seed17
s1,17,2,block_03,0.5487639119497427,geometry-bundle-s1-anchor-transformer-seed17,geometry-bundle-s1-r2-transformer-seed17
s1,17,2,block_04,0.28541693541369645,geometry-bundle-s1-anchor-transformer-seed17,geometry-bundle-s1-r2-transformer-seed17
s1,17,2,final_norm,0.22932528410470215,geometry-bundle-s1-anchor-transformer-seed17,geometry-bundle-s1-r2-transformer-seed17
s1,17,4,embedding,0.9404992449987278,geometry-bundle-s1-anchor-transformer-seed17,geometry-bundle-s1-r4-transformer-seed17
s1,17,4,block_01,0.7827892525430503,geometry-bundle-s1-anchor-transformer-seed17,geometry-bundle-s1-r4-transformer-seed17
s1,17,4,block_02,0.6799890532306547,geometry-bundle-s1-anchor-transformer-seed17,geometry-bundle-s1-r4-transformer-seed17
s1,17,4,block_03,0.5125440227414653,geometry-bundle-s1-anchor-transformer-seed17,geometry-bundle-s1-r4-transformer-seed17
s1,17,4,block_04,0.2215535723830427,geometry-bundle-s1-anchor-transformer-seed17,geometry-bundle-s1-r4-transformer-seed17
s1,17,4,final_norm,0.20642763599447966,geometry-bundle-s1-anchor-transformer-seed17,geometry-bundle-s1-r4-transformer-seed17
s1,42,0,embedding,0.834020434524397,geometry-bundle-s1-anchor-transformer-seed42,geometry-bundle-s1-r0-transformer-seed42
s1,42,0,block_01,0.5829879382238689,geometry-bundle-s1-anchor-transformer-seed42,geometry-bundle-s1-r0-transformer-seed42
s1,42,0,block_02,0.4962623628312603,geometry-bundle-s1-anchor-transformer-seed42,geometry-bundle-s1-r0-transformer-seed42
s1,42,0,block_03,0.39983376974341894,geometry-bundle-s1-anchor-transformer-seed42,geometry-bundle-s1-r0-transformer-seed42
s1,42,0,block_04,0.22455525015256858,geometry-bundle-s1-anchor-transformer-seed42,geometry-bundle-s1-r0-transformer-seed42
s1,42,0,final_norm,0.22898814222808517,geometry-bundle-s1-anchor-transformer-seed42,geometry-bundle-s1-r0-transformer-seed42
s1,42,1,embedding,0.8009472962495082,geometry-bundle-s1-anchor-transformer-seed42,geometry-bundle-s1-r1-transformer-seed42
s1,42,1,block_01,0.4632649650381585,geometry-bundle-s1-anchor-transformer-seed42,geometry-bundle-s1-r1-transformer-seed42
s1,42,1,block_02,0.48833418284345015,geometry-bundle-s1-anchor-transformer-seed42,geometry-bundle-s1-r1-transformer-seed42
s1,42,1,block_03,0.4747976731490181,geometry-bundle-s1-anchor-transformer-seed42,geometry-bundle-s1-r1-transformer-seed42
s1,42,1,block_04,0.21808962273206914,geometry-bundle-s1-anchor-transformer-seed42,geometry-bundle-s1-r1-transformer-seed42
s1,42,1,final_norm,0.1945945546940878,geometry-bundle-s1-anchor-transformer-seed42,geometry-bundle-s1-r1-transformer-seed42
s1,42,2,embedding,0.921988044627698,geometry-bundle-s1-anchor-transformer-seed42,geometry-bundle-s1-r2-transformer-seed42
s1,42,2,block_01,0.589036401155647,geometry-bundle-s1-anchor-transformer-seed42,geometry-bundle-s1-r2-transformer-seed42
s1,42,2,block_02,0.462537477268428,geometry-bundle-s1-anchor-transformer-seed42,geometry-bundle-s1-r2-transformer-seed42
s1,42,2,block_03,0.5021142289216433,geometry-bundle-s1-anchor-transformer-seed42,geometry-bundle-s1-r2-transformer-seed42
s1,42,2,block_04,0.22709487690671812,geometry-bundle-s1-anchor-transformer-seed42,geometry-bundle-s1-r2-transformer-seed42
s1,42,2,final_norm,0.1828158385074699,geometry-bundle-s1-anchor-transformer-seed42,geometry-bundle-s1-r2-transformer-seed42
s1,42,4,embedding,0.9229733583915123,geometry-bundle-s1-anchor-transformer-seed42,geometry-bundle-s1-r4-transformer-seed42
s1,42,4,block_01,0.7847598883258491,geometry-bundle-s1-anchor-transformer-seed42,geometry-bundle-s1-r4-transformer-seed42
s1,42,4,block_02,0.6590171676600255,geometry-bundle-s1-anchor-transformer-seed42,geometry-bundle-s1-r4-transformer-seed42
s1,42,4,block_03,0.4767102546490026,geometry-bundle-s1-anchor-transformer-seed42,geometry-bundle-s1-r4-transformer-seed42
s1,42,4,block_04,0.11874168837304953,geometry-bundle-s1-anchor-transformer-seed42,geometry-bundle-s1-r4-transformer-seed42
s1,42,4,final_norm,0.11156068529706738,geometry-bundle-s1-anchor-transformer-seed42,geometry-bundle-s1-r4-transformer-seed42
s1,101,0,embedding,0.7702613532174293,geometry-bundle-s1-anchor-transformer-seed101,geometry-bundle-s1-r0-transformer-seed101
s1,101,0,block_01,0.3050136420361181,geometry-bundle-s1-anchor-transformer-seed101,geometry-bundle-s1-r0-transformer-seed101
s1,101,0,block_02,0.4603043763474346,geometry-bundle-s1-anchor-transformer-seed101,geometry-bundle-s1-r0-transformer-seed101
s1,101,0,block_03,0.5305595398543699,geometry-bundle-s1-anchor-transformer-seed101,geometry-bundle-s1-r0-transformer-seed101
s1,101,0,block_04,0.3376686886115769,geometry-bundle-s1-anchor-transformer-seed101,geometry-bundle-s1-r0-transformer-seed101
s1,101,0,final_norm,0.2935506207305227,geometry-bundle-s1-anchor-transformer-seed101,geometry-bundle-s1-r0-transformer-seed101
s1,101,1,embedding,0.8829688574068605,geometry-bundle-s1-anchor-transformer-seed101,geometry-bundle-s1-r1-transformer-seed101
s1,101,1,block_01,0.5162025052250235,geometry-bundle-s1-anchor-transformer-seed101,geometry-bundle-s1-r1-transformer-seed101
s1,101,1,block_02,0.5916929232424684,geometry-bundle-s1-anchor-transformer-seed101,geometry-bundle-s1-r1-transformer-seed101
s1,101,1,block_03,0.6254390361286181,geometry-bundle-s1-anchor-transformer-seed101,geometry-bundle-s1-r1-transformer-seed101
s1,101,1,block_04,0.2633929907030665,geometry-bundle-s1-anchor-transformer-seed101,geometry-bundle-s1-r1-transformer-seed101
s1,101,1,final_norm,0.22805308850072142,geometry-bundle-s1-anchor-transformer-seed101,geometry-bundle-s1-r1-transformer-seed101
s1,101,2,embedding,0.8971475397163481,geometry-bundle-s1-anchor-transformer-seed101,geometry-bundle-s1-r2-transformer-seed101
s1,101,2,block_01,0.5717045321252942,geometry-bundle-s1-anchor-transformer-seed101,geometry-bundle-s1-r2-transformer-seed101
s1,101,2,block_02,0.6077262532060931,geometry-bundle-s1-anchor-transformer-seed101,geometry-bundle-s1-r2-transformer-seed101
s1,101,2,block_03,0.5956465846116525,geometry-bundle-s1-anchor-transformer-seed101,geometry-bundle-s1-r2-transformer-seed101
s1,101,2,block_04,0.21951579438589267,geometry-bundle-s1-anchor-transformer-seed101,geometry-bundle-s1-r2-transformer-seed101
s1,101,2,final_norm,0.1998719759229663,geometry-bundle-s1-anchor-transformer-seed101,geometry-bundle-s1-r2-transformer-seed101
s1,101,4,embedding,0.8945715074726793,geometry-bundle-s1-anchor-transformer-seed101,geometry-bundle-s1-r4-transformer-seed101
s1,101,4,block_01,0.7521961830718157,geometry-bundle-s1-anchor-transformer-seed101,geometry-bundle-s1-r4-transformer-seed101
s1,101,4,block_02,0.6646297131587586,geometry-bundle-s1-anchor-transformer-seed101,geometry-bundle-s1-r4-transformer-seed101
s1,101,4,block_03,0.5680210889013048,geometry-bundle-s1-anchor-transformer-seed101,geometry-bundle-s1-r4-transformer-seed101
s1,101,4,block_04,0.2300673118205526,geometry-bundle-s1-anchor-transformer-seed101,geometry-bundle-s1-r4-transformer-seed101
s1,101,4,final_norm,0.1952271896055488,geometry-bundle-s1-anchor-transformer-seed101,geometry-bundle-s1-r4-transformer-seed101
s2,17,0,embedding,0.8877273312242745,geometry-bundle-s2-anchor-transformer-seed17,geometry-bundle-s2-r0-transformer-seed17
s2,17,0,block_01,0.4306108486152928,geometry-bundle-s2-anchor-transformer-seed17,geometry-bundle-s2-r0-transformer-seed17
s2,17,0,block_02,0.4953188551031925,geometry-bundle-s2-anchor-transformer-seed17,geometry-bundle-s2-r0-transformer-seed17
s2,17,0,block_03,0.4454765079472621,geometry-bundle-s2-anchor-transformer-seed17,geometry-bundle-s2-r0-transformer-seed17
s2,17,0,block_04,0.19792462891368556,geometry-bundle-s2-anchor-transformer-seed17,geometry-bundle-s2-r0-transformer-seed17
s2,17,0,final_norm,0.19786739406882145,geometry-bundle-s2-anchor-transformer-seed17,geometry-bundle-s2-r0-transformer-seed17
s2,17,1,embedding,0.8902797731572033,geometry-bundle-s2-anchor-transformer-seed17,geometry-bundle-s2-r1-transformer-seed17
s2,17,1,block_01,0.8138824139566915,geometry-bundle-s2-anchor-transformer-seed17,geometry-bundle-s2-r1-transformer-seed17
s2,17,1,block_02,0.8031357540736744,geometry-bundle-s2-anchor-transformer-seed17,geometry-bundle-s2-r1-transformer-seed17
s2,17,1,block_03,0.6452551461561877,geometry-bundle-s2-anchor-transformer-seed17,geometry-bundle-s2-r1-transformer-seed17
s2,17,1,block_04,0.20647753530622487,geometry-bundle-s2-anchor-transformer-seed17,geometry-bundle-s2-r1-transformer-seed17
s2,17,1,final_norm,0.23244612759463226,geometry-bundle-s2-anchor-transformer-seed17,geometry-bundle-s2-r1-transformer-seed17
s2,17,2,embedding,0.9277586605430886,geometry-bundle-s2-anchor-transformer-seed17,geometry-bundle-s2-r2-transformer-seed17
s2,17,2,block_01,0.10211593635205687,geometry-bundle-s2-anchor-transformer-seed17,geometry-bundle-s2-r2-transformer-seed17
s2,17,2,block_02,0.2107627965310335,geometry-bundle-s2-anchor-transformer-seed17,geometry-bundle-s2-r2-transformer-seed17
s2,17,2,block_03,0.22136717918394863,geometry-bundle-s2-anchor-transformer-seed17,geometry-bundle-s2-r2-transformer-seed17
s2,17,2,block_04,0.2466530961593837,geometry-bundle-s2-anchor-transformer-seed17,geometry-bundle-s2-r2-transformer-seed17
s2,17,2,final_norm,0.3566189079353649,geometry-bundle-s2-anchor-transformer-seed17,geometry-bundle-s2-r2-transformer-seed17
s2,17,4,embedding,0.8555879748996065,geometry-bundle-s2-anchor-transformer-seed17,geometry-bundle-s2-r4-transformer-seed17
s2,17,4,block_01,0.6983244836809012,geometry-bundle-s2-anchor-transformer-seed17,geometry-bundle-s2-r4-transformer-seed17
s2,17,4,block_02,0.7945356453286287,geometry-bundle-s2-anchor-transformer-seed17,geometry-bundle-s2-r4-transformer-seed17
s2,17,4,block_03,0.649137472721464,geometry-bundle-s2-anchor-transformer-seed17,geometry-bundle-s2-r4-transformer-seed17
s2,17,4,block_04,0.4064600308659947,geometry-bundle-s2-anchor-transformer-seed17,geometry-bundle-s2-r4-transformer-seed17
s2,17,4,final_norm,0.5654410868076948,geometry-bundle-s2-anchor-transformer-seed17,geometry-bundle-s2-r4-transformer-seed17
s2,42,0,embedding,0.8643582938309422,geometry-bundle-s2-anchor-transformer-seed42,geometry-bundle-s2-r0-transformer-seed42
s2,42,0,block_01,0.5521378316194954,geometry-bundle-s2-anchor-transformer-seed42,geometry-bundle-s2-r0-transformer-seed42
s2,42,0,block_02,0.6657671600227363,geometry-bundle-s2-anchor-transformer-seed42,geometry-bundle-s2-r0-transformer-seed42
s2,42,0,block_03,0.5680093646354227,geometry-bundle-s2-anchor-transformer-seed42,geometry-bundle-s2-r0-transformer-seed42
s2,42,0,block_04,0.17423228230869148,geometry-bundle-s2-anchor-transformer-seed42,geometry-bundle-s2-r0-transformer-seed42
s2,42,0,final_norm,0.173733333988794,geometry-bundle-s2-anchor-transformer-seed42,geometry-bundle-s2-r0-transformer-seed42
s2,42,1,embedding,0.8581933762334105,geometry-bundle-s2-anchor-transformer-seed42,geometry-bundle-s2-r1-transformer-seed42
s2,42,1,block_01,0.5820391973991997,geometry-bundle-s2-anchor-transformer-seed42,geometry-bundle-s2-r1-transformer-seed42
s2,42,1,block_02,0.681547493713483,geometry-bundle-s2-anchor-transformer-seed42,geometry-bundle-s2-r1-transformer-seed42
s2,42,1,block_03,0.4714522559587403,geometry-bundle-s2-anchor-transformer-seed42,geometry-bundle-s2-r1-transformer-seed42
s2,42,1,block_04,0.16960638757181073,geometry-bundle-s2-anchor-transformer-seed42,geometry-bundle-s2-r1-transformer-seed42
s2,42,1,final_norm,0.16799295429626226,geometry-bundle-s2-anchor-transformer-seed42,geometry-bundle-s2-r1-transformer-seed42
s2,42,2,embedding,0.8753132154593433,geometry-bundle-s2-anchor-transformer-seed42,geometry-bundle-s2-r2-transformer-seed42
s2,42,2,block_01,0.14637609177411706,geometry-bundle-s2-anchor-transformer-seed42,geometry-bundle-s2-r2-transformer-seed42
s2,42,2,block_02,0.2537023741918552,geometry-bundle-s2-anchor-transformer-seed42,geometry-bundle-s2-r2-transformer-seed42
s2,42,2,block_03,0.22567254812077311,geometry-bundle-s2-anchor-transformer-seed42,geometry-bundle-s2-r2-transformer-seed42
s2,42,2,block_04,0.15031947263856563,geometry-bundle-s2-anchor-transformer-seed42,geometry-bundle-s2-r2-transformer-seed42
s2,42,2,final_norm,0.19206834735889722,geometry-bundle-s2-anchor-transformer-seed42,geometry-bundle-s2-r2-transformer-seed42
s2,42,4,embedding,0.7990505565522602,geometry-bundle-s2-anchor-transformer-seed42,geometry-bundle-s2-r4-transformer-seed42
s2,42,4,block_01,0.4115289264594778,geometry-bundle-s2-anchor-transformer-seed42,geometry-bundle-s2-r4-transformer-seed42
s2,42,4,block_02,0.605774630322389,geometry-bundle-s2-anchor-transformer-seed42,geometry-bundle-s2-r4-transformer-seed42
s2,42,4,block_03,0.5709519335471711,geometry-bundle-s2-anchor-transformer-seed42,geometry-bundle-s2-r4-transformer-seed42
s2,42,4,block_04,0.4153885167910412,geometry-bundle-s2-anchor-transformer-seed42,geometry-bundle-s2-r4-transformer-seed42
s2,42,4,final_norm,0.4815210679950184,geometry-bundle-s2-anchor-transformer-seed42,geometry-bundle-s2-r4-transformer-seed42
s2,101,0,embedding,0.8947890393005247,geometry-bundle-s2-anchor-transformer-seed101,geometry-bundle-s2-r0-transformer-seed101
s2,101,0,block_01,0.41367554949851226,geometry-bundle-s2-anchor-transformer-seed101,geometry-bundle-s2-r0-transformer-seed101
s2,101,0,block_02,0.5227858538907459,geometry-bundle-s2-anchor-transformer-seed101,geometry-bundle-s2-r0-transformer-seed101
s2,101,0,block_03,0.38045125574161703,geometry-bundle-s2-anchor-transformer-seed101,geometry-bundle-s2-r0-transformer-seed101
s2,101,0,block_04,0.20385578675977883,geometry-bundle-s2-anchor-transformer-seed101,geometry-bundle-s2-r0-transformer-seed101
s2,101,0,final_norm,0.18327643157081772,geometry-bundle-s2-anchor-transformer-seed101,geometry-bundle-s2-r0-transformer-seed101
s2,101,1,embedding,0.9229535278112629,geometry-bundle-s2-anchor-transformer-seed101,geometry-bundle-s2-r1-transformer-seed101
s2,101,1,block_01,0.5797245699670703,geometry-bundle-s2-anchor-transformer-seed101,geometry-bundle-s2-r1-transformer-seed101
s2,101,1,block_02,0.6692589647750768,geometry-bundle-s2-anchor-transformer-seed101,geometry-bundle-s2-r1-transformer-seed101
s2,101,1,block_03,0.5168667592583293,geometry-bundle-s2-anchor-transformer-seed101,geometry-bundle-s2-r1-transformer-seed101
s2,101,1,block_04,0.17183729035681178,geometry-bundle-s2-anchor-transformer-seed101,geometry-bundle-s2-r1-transformer-seed101
s2,101,1,final_norm,0.1439402284012759,geometry-bundle-s2-anchor-transformer-seed101,geometry-bundle-s2-r1-transformer-seed101
s2,101,2,embedding,0.9245226195941665,geometry-bundle-s2-anchor-transformer-seed101,geometry-bundle-s2-r2-transformer-seed101
s2,101,2,block_01,0.1338759173562509,geometry-bundle-s2-anchor-transformer-seed101,geometry-bundle-s2-r2-transformer-seed101
s2,101,2,block_02,0.3267459157035846,geometry-bundle-s2-anchor-transformer-seed101,geometry-bundle-s2-r2-transformer-seed101
s2,101,2,block_03,0.3228951099465198,geometry-bundle-s2-anchor-transformer-seed101,geometry-bundle-s2-r2-transformer-seed101
s2,101,2,block_04,0.18318563541584323,geometry-bundle-s2-anchor-transformer-seed101,geometry-bundle-s2-r2-transformer-seed101
s2,101,2,final_norm,0.21628659802423378,geometry-bundle-s2-anchor-transformer-seed101,geometry-bundle-s2-r2-transformer-seed101
s2,101,4,embedding,0.8791712644711355,geometry-bundle-s2-anchor-transformer-seed101,geometry-bundle-s2-r4-transformer-seed101
s2,101,4,block_01,0.7130087902198253,geometry-bundle-s2-anchor-transformer-seed101,geometry-bundle-s2-r4-transformer-seed101
s2,101,4,block_02,0.7959615465888299,geometry-bundle-s2-anchor-transformer-seed101,geometry-bundle-s2-r4-transformer-seed101
s2,101,4,block_03,0.6470510004774044,geometry-bundle-s2-anchor-transformer-seed101,geometry-bundle-s2-r4-transformer-seed101
s2,101,4,block_04,0.4823940313610251,geometry-bundle-s2-anchor-transformer-seed101,geometry-bundle-s2-r4-transformer-seed101
s2,101,4,final_norm,0.4136611097117588,geometry-bundle-s2-anchor-transformer-seed101,geometry-bundle-s2-r4-transformer-seed101
s3,17,0,embedding,0.8351078180042129,geometry-bundle-s3-anchor-transformer-seed17,geometry-bundle-s3-r0-transformer-seed17
s3,17,0,block_01,0.7928213459455155,geometry-bundle-s3-anchor-transformer-seed17,geometry-bundle-s3-r0-transformer-seed17
s3,17,0,block_02,0.7916461432838029,geometry-bundle-s3-anchor-transformer-seed17,geometry-bundle-s3-r0-transformer-seed17
s3,17,0,block_03,0.7537689092498704,geometry-bundle-s3-anchor-transformer-seed17,geometry-bundle-s3-r0-transformer-seed17
s3,17,0,block_04,0.7091823434629985,geometry-bundle-s3-anchor-transformer-seed17,geometry-bundle-s3-r0-transformer-seed17
s3,17,0,final_norm,0.7337923567705181,geometry-bundle-s3-anchor-transformer-seed17,geometry-bundle-s3-r0-transformer-seed17
s3,17,1,embedding,0.7811485386424345,geometry-bundle-s3-anchor-transformer-seed17,geometry-bundle-s3-r1-transformer-seed17
s3,17,1,block_01,0.7218986075272896,geometry-bundle-s3-anchor-transformer-seed17,geometry-bundle-s3-r1-transformer-seed17
s3,17,1,block_02,0.754055649446418,geometry-bundle-s3-anchor-transformer-seed17,geometry-bundle-s3-r1-transformer-seed17
s3,17,1,block_03,0.7621057110107032,geometry-bundle-s3-anchor-transformer-seed17,geometry-bundle-s3-r1-transformer-seed17
s3,17,1,block_04,0.6627489093701627,geometry-bundle-s3-anchor-transformer-seed17,geometry-bundle-s3-r1-transformer-seed17
s3,17,1,final_norm,0.6932276189970173,geometry-bundle-s3-anchor-transformer-seed17,geometry-bundle-s3-r1-transformer-seed17
s3,17,2,embedding,0.9216537447873883,geometry-bundle-s3-anchor-transformer-seed17,geometry-bundle-s3-r2-transformer-seed17
s3,17,2,block_01,0.7406757260142144,geometry-bundle-s3-anchor-transformer-seed17,geometry-bundle-s3-r2-transformer-seed17
s3,17,2,block_02,0.7139491657072922,geometry-bundle-s3-anchor-transformer-seed17,geometry-bundle-s3-r2-transformer-seed17
s3,17,2,block_03,0.5981684569542024,geometry-bundle-s3-anchor-transformer-seed17,geometry-bundle-s3-r2-transformer-seed17
s3,17,2,block_04,0.2957794827582793,geometry-bundle-s3-anchor-transformer-seed17,geometry-bundle-s3-r2-transformer-seed17
s3,17,2,final_norm,0.3206436113457683,geometry-bundle-s3-anchor-transformer-seed17,geometry-bundle-s3-r2-transformer-seed17
s3,17,4,embedding,0.8765446354373083,geometry-bundle-s3-anchor-transformer-seed17,geometry-bundle-s3-r4-transformer-seed17
s3,17,4,block_01,0.867785990956766,geometry-bundle-s3-anchor-transformer-seed17,geometry-bundle-s3-r4-transformer-seed17
s3,17,4,block_02,0.9034518997754257,geometry-bundle-s3-anchor-transformer-seed17,geometry-bundle-s3-r4-transformer-seed17
s3,17,4,block_03,0.8714931655343986,geometry-bundle-s3-anchor-transformer-seed17,geometry-bundle-s3-r4-transformer-seed17
s3,17,4,block_04,0.7924027753085668,geometry-bundle-s3-anchor-transformer-seed17,geometry-bundle-s3-r4-transformer-seed17
s3,17,4,final_norm,0.7956742144610506,geometry-bundle-s3-anchor-transformer-seed17,geometry-bundle-s3-r4-transformer-seed17
s3,42,0,embedding,0.8175709689162101,geometry-bundle-s3-anchor-transformer-seed42,geometry-bundle-s3-r0-transformer-seed42
s3,42,0,block_01,0.49970044800021596,geometry-bundle-s3-anchor-transformer-seed42,geometry-bundle-s3-r0-transformer-seed42
s3,42,0,block_02,0.3936289677905249,geometry-bundle-s3-anchor-transformer-seed42,geometry-bundle-s3-r0-transformer-seed42
s3,42,0,block_03,0.17883824674443982,geometry-bundle-s3-anchor-transformer-seed42,geometry-bundle-s3-r0-transformer-seed42
s3,42,0,block_04,0.1614139474718559,geometry-bundle-s3-anchor-transformer-seed42,geometry-bundle-s3-r0-transformer-seed42
s3,42,0,final_norm,0.16255094263142159,geometry-bundle-s3-anchor-transformer-seed42,geometry-bundle-s3-r0-transformer-seed42
s3,42,1,embedding,0.9031847156524949,geometry-bundle-s3-anchor-transformer-seed42,geometry-bundle-s3-r1-transformer-seed42
s3,42,1,block_01,0.635737661125644,geometry-bundle-s3-anchor-transformer-seed42,geometry-bundle-s3-r1-transformer-seed42
s3,42,1,block_02,0.5025618037164694,geometry-bundle-s3-anchor-transformer-seed42,geometry-bundle-s3-r1-transformer-seed42
s3,42,1,block_03,0.42475925136234033,geometry-bundle-s3-anchor-transformer-seed42,geometry-bundle-s3-r1-transformer-seed42
s3,42,1,block_04,0.5503851452065661,geometry-bundle-s3-anchor-transformer-seed42,geometry-bundle-s3-r1-transformer-seed42
s3,42,1,final_norm,0.5556411699770188,geometry-bundle-s3-anchor-transformer-seed42,geometry-bundle-s3-r1-transformer-seed42
s3,42,2,embedding,0.9241001863661881,geometry-bundle-s3-anchor-transformer-seed42,geometry-bundle-s3-r2-transformer-seed42
s3,42,2,block_01,0.7553451774878966,geometry-bundle-s3-anchor-transformer-seed42,geometry-bundle-s3-r2-transformer-seed42
s3,42,2,block_02,0.7055404389787404,geometry-bundle-s3-anchor-transformer-seed42,geometry-bundle-s3-r2-transformer-seed42
s3,42,2,block_03,0.672433911616723,geometry-bundle-s3-anchor-transformer-seed42,geometry-bundle-s3-r2-transformer-seed42
s3,42,2,block_04,0.6298158547044674,geometry-bundle-s3-anchor-transformer-seed42,geometry-bundle-s3-r2-transformer-seed42
s3,42,2,final_norm,0.6393604486615667,geometry-bundle-s3-anchor-transformer-seed42,geometry-bundle-s3-r2-transformer-seed42
s3,42,4,embedding,0.9299547145725305,geometry-bundle-s3-anchor-transformer-seed42,geometry-bundle-s3-r4-transformer-seed42
s3,42,4,block_01,0.8259269102093003,geometry-bundle-s3-anchor-transformer-seed42,geometry-bundle-s3-r4-transformer-seed42
s3,42,4,block_02,0.7965013020317604,geometry-bundle-s3-anchor-transformer-seed42,geometry-bundle-s3-r4-transformer-seed42
s3,42,4,block_03,0.7880300445484593,geometry-bundle-s3-anchor-transformer-seed42,geometry-bundle-s3-r4-transformer-seed42
s3,42,4,block_04,0.6743021585867542,geometry-bundle-s3-anchor-transformer-seed42,geometry-bundle-s3-r4-transformer-seed42
s3,42,4,final_norm,0.6064722610078791,geometry-bundle-s3-anchor-transformer-seed42,geometry-bundle-s3-r4-transformer-seed42
s3,101,0,embedding,0.8368245373675042,geometry-bundle-s3-anchor-transformer-seed101,geometry-bundle-s3-r0-transformer-seed101
s3,101,0,block_01,0.6201077585481349,geometry-bundle-s3-anchor-transformer-seed101,geometry-bundle-s3-r0-transformer-seed101
s3,101,0,block_02,0.6847063856573478,geometry-bundle-s3-anchor-transformer-seed101,geometry-bundle-s3-r0-transformer-seed101
s3,101,0,block_03,0.6496540141991912,geometry-bundle-s3-anchor-transformer-seed101,geometry-bundle-s3-r0-transformer-seed101
s3,101,0,block_04,0.584312824011929,geometry-bundle-s3-anchor-transformer-seed101,geometry-bundle-s3-r0-transformer-seed101
s3,101,0,final_norm,0.6663485262818144,geometry-bundle-s3-anchor-transformer-seed101,geometry-bundle-s3-r0-transformer-seed101
s3,101,1,embedding,0.9004991720702059,geometry-bundle-s3-anchor-transformer-seed101,geometry-bundle-s3-r1-transformer-seed101
s3,101,1,block_01,0.44484826565521446,geometry-bundle-s3-anchor-transformer-seed101,geometry-bundle-s3-r1-transformer-seed101
s3,101,1,block_02,0.40382010498457477,geometry-bundle-s3-anchor-transformer-seed101,geometry-bundle-s3-r1-transformer-seed101
s3,101,1,block_03,0.2932957445583415,geometry-bundle-s3-anchor-transformer-seed101,geometry-bundle-s3-r1-transformer-seed101
s3,101,1,block_04,0.20517230729821123,geometry-bundle-s3-anchor-transformer-seed101,geometry-bundle-s3-r1-transformer-seed101
s3,101,1,final_norm,0.2773834772512675,geometry-bundle-s3-anchor-transformer-seed101,geometry-bundle-s3-r1-transformer-seed101
s3,101,2,embedding,0.9193717892308895,geometry-bundle-s3-anchor-transformer-seed101,geometry-bundle-s3-r2-transformer-seed101
s3,101,2,block_01,0.5658892912069708,geometry-bundle-s3-anchor-transformer-seed101,geometry-bundle-s3-r2-transformer-seed101
s3,101,2,block_02,0.5581546446658934,geometry-bundle-s3-anchor-transformer-seed101,geometry-bundle-s3-r2-transformer-seed101
s3,101,2,block_03,0.5523649223128929,geometry-bundle-s3-anchor-transformer-seed101,geometry-bundle-s3-r2-transformer-seed101
s3,101,2,block_04,0.4110442834478995,geometry-bundle-s3-anchor-transformer-seed101,geometry-bundle-s3-r2-transformer-seed101
s3,101,2,final_norm,0.5405962619336224,geometry-bundle-s3-anchor-transformer-seed101,geometry-bundle-s3-r2-transformer-seed101
s3,101,4,embedding,0.9347252790485658,geometry-bundle-s3-anchor-transformer-seed101,geometry-bundle-s3-r4-transformer-seed101
s3,101,4,block_01,0.728037663101551,geometry-bundle-s3-anchor-transformer-seed101,geometry-bundle-s3-r4-transformer-seed101
s3,101,4,block_02,0.7454564529462078,geometry-bundle-s3-anchor-transformer-seed101,geometry-bundle-s3-r4-transformer-seed101
s3,101,4,block_03,0.7216909540322116,geometry-bundle-s3-anchor-transformer-seed101,geometry-bundle-s3-r4-transformer-seed101
s3,101,4,block_04,0.6846230842097476,geometry-bundle-s3-anchor-transformer-seed101,geometry-bundle-s3-r4-transformer-seed101
s3,101,4,final_norm,0.6860438611061105,geometry-bundle-s3-anchor-transformer-seed101,geometry-bundle-s3-r4-transformer-seed101
