logical_run_id,canonical_run_id,kind,split_id,role,related_pair_count,seed,tasks,reused,global_step,seen_task_token_accuracy_macro,seen_task_sequence_accuracy_macro,checkpoint_sha256
geometry-specialist-descents-transformer-seed17,property-a-transformer-tasks01-seed17,specialist,,specialist,,17,descents,True,20000,1.0,1.0,96cb96d163fb751d5c321c52b770b46a7918c1be275fc5eb0f3fae78a241e17a
geometry-specialist-descents-transformer-seed42,geometry-specialist-descents-transformer-seed42,specialist,,specialist,,42,descents,False,20000,1.0,1.0,b3a0de80a387a8022a4cb79c7b142efc0a27c819efce4b80bd83eda85003664e
geometry-specialist-descents-transformer-seed101,property-b-transformer-tasks01-seed101,specialist,,specialist,,101,descents,True,20000,1.0,1.0,e734bca31bb18bb64f0b688699e0d95611bd601921a8145fcd01c2824f71d509
geometry-specialist-recoils-transformer-seed17,property-b-transformer-tasks01-seed17,specialist,,specialist,,17,recoils,True,20000,0.91875,0.8375,f9e4e8a56304d039a581514e0b55c324e7139f45f6a087096bfe469e9213ed11
geometry-specialist-recoils-transformer-seed42,relation-s0-a-transformer-tasks01-seed42,specialist,,specialist,,42,recoils,True,20000,0.86875,0.7375,1a871155189aebe8db652e834b9b4e14ad3e4ca8f02e8f9c6df2d1927ea80c34
geometry-specialist-recoils-transformer-seed101,relation-s0-a-transformer-tasks01-seed101,specialist,,specialist,,101,recoils,True,20000,0.934375,0.86875,764c1b1f280157a5654d9134e4449b4a495a2d4d609297516eb44384c4a11a1f
geometry-specialist-peaks-transformer-seed17,relation-s2-a-transformer-tasks01-seed17,specialist,,specialist,,17,peaks,True,20000,0.85625,0.7125,de9477f85a68b326fbac94cd211e3508b10bab3aa0144144cdc5861607cc195e
geometry-specialist-peaks-transformer-seed42,property-a-transformer-tasks01-seed42,specialist,,specialist,,42,peaks,True,20000,0.878125,0.75625,884340fa708a647b170f90f3f66a33fd903498cf5542624921d7c9800f32df94
geometry-specialist-peaks-transformer-seed101,relation-s2-a-transformer-tasks01-seed101,specialist,,specialist,,101,peaks,True,20000,0.925,0.85,ad7d8f1a32b65c691aafc96179d22b4209ddd3ae24e531f4f1be025a86bdea8e
geometry-specialist-valleys-transformer-seed17,geometry-specialist-valleys-transformer-seed17,specialist,,specialist,,17,valleys,False,20000,0.98125,0.9625,371418b9e55001c55ac77b4cebcf53d645437d54e7085950c016b048defef66e
geometry-specialist-valleys-transformer-seed42,geometry-specialist-valleys-transformer-seed42,specialist,,specialist,,42,valleys,False,20000,0.99375,0.9875,8cab46d56842d5db10fe18e803c1111fd47da7968e38fc575e4b69b2ea99eae2
geometry-specialist-valleys-transformer-seed101,geometry-specialist-valleys-transformer-seed101,specialist,,specialist,,101,valleys,False,20000,0.953125,0.90625,60847050ba65959a0060cf379b410288edf40c0f7f60a2429c7a9bf3168cfbfc
geometry-specialist-fixed_points-transformer-seed17,geometry-specialist-fixed_points-transformer-seed17,specialist,,specialist,,17,fixed_points,False,20000,1.0,1.0,c59d28030f3e0790f157c240a72672aa08d1c435d70c5a246aa139d343f7ac08
geometry-specialist-fixed_points-transformer-seed42,geometry-specialist-fixed_points-transformer-seed42,specialist,,specialist,,42,fixed_points,False,20000,1.0,1.0,27f1225c4514346cd6efdd9e6c6decd60d93e40b39bbe1ff174bbf9064bfa475
geometry-specialist-fixed_points-transformer-seed101,geometry-specialist-fixed_points-transformer-seed101,specialist,,specialist,,101,fixed_points,False,20000,1.0,1.0,d5976575d62e41c1351a2b42b5daaacbe649082e200d7cdce97cbcabfbe4af17
geometry-specialist-anti_fixed_points-transformer-seed17,geometry-specialist-anti_fixed_points-transformer-seed17,specialist,,specialist,,17,anti_fixed_points,False,20000,0.984375,0.96875,21b357419e5532b6490c07f95b7acbd4d47b4f7dc549d0d0a15e3778f8b5053f
geometry-specialist-anti_fixed_points-transformer-seed42,geometry-specialist-anti_fixed_points-transformer-seed42,specialist,,specialist,,42,anti_fixed_points,False,20000,0.996875,0.99375,982cb273da99cea99b167b5ce857810ccf08b89fe72b09f8395211c0170935a3
geometry-specialist-anti_fixed_points-transformer-seed101,geometry-specialist-anti_fixed_points-transformer-seed101,specialist,,specialist,,101,anti_fixed_points,False,20000,0.91875,0.8375,df8df450d90238a40e3ac1a70af06fddcaf6d940ec80dccd5f7b12065d6bacb3
geometry-specialist-exceedances-transformer-seed17,geometry-specialist-exceedances-transformer-seed17,specialist,,specialist,,17,exceedances,False,20000,1.0,1.0,4e34744464757d63e95d27454a1c97a2600e516faae3cab5b5d8443180f2b883
geometry-specialist-exceedances-transformer-seed42,geometry-specialist-exceedances-transformer-seed42,specialist,,specialist,,42,exceedances,False,20000,1.0,1.0,5f29b63e613df533a447caedfb3128c35f655756a9c03f7a8ead210c98dd44de
geometry-specialist-exceedances-transformer-seed101,geometry-specialist-exceedances-transformer-seed101,specialist,,specialist,,101,exceedances,False,20000,1.0,1.0,1276b0ef0fe622c93ffdd52935e49605a5af18ded77f0f923086d06bae92c672
geometry-specialist-deficiencies-transformer-seed17,geometry-specialist-deficiencies-transformer-seed17,specialist,,specialist,,17,deficiencies,False,20000,1.0,1.0,e1cfa96120ebfe35b7a6b09735c32c69ef64d1238e50f6e1e279d5f2dff7096e
geometry-specialist-deficiencies-transformer-seed42,geometry-specialist-deficiencies-transformer-seed42,specialist,,specialist,,42,deficiencies,False,20000,1.0,1.0,54070fceb08b7a062dc2ff1dd370b18f2ffbb7a985f9ba3d3508e29a1c7ba53f
geometry-specialist-deficiencies-transformer-seed101,geometry-specialist-deficiencies-transformer-seed101,specialist,,specialist,,101,deficiencies,False,20000,1.0,1.0,267899524eb2c881d01193aa603d6edb61293f3049f4cce1892251b1d54e02b4
geometry-specialist-lis_length-transformer-seed17,geometry-specialist-lis_length-transformer-seed17,specialist,,specialist,,17,lis_length,False,20000,0.990625,0.98125,6683e4545baaa207d34844e952fc201adc0de80cc48f4d6b59583a189be956be
geometry-specialist-lis_length-transformer-seed42,geometry-specialist-lis_length-transformer-seed42,specialist,,specialist,,42,lis_length,False,20000,0.990625,0.98125,7c7d4f7ed322ed17202ab07e19bb420f8b34f6374a1a610defc274fdcd3139ad
geometry-specialist-lis_length-transformer-seed101,geometry-specialist-lis_length-transformer-seed101,specialist,,specialist,,101,lis_length,False,20000,0.9875,0.975,a188321509532a2fac65f8d23e5edd3727c76017d5e8d8a3f8bae5e19ff80d89
geometry-specialist-lds_length-transformer-seed17,geometry-specialist-lds_length-transformer-seed17,specialist,,specialist,,17,lds_length,False,20000,0.975,0.95,c8fc54124bcfe56b458cbc3adf494cdb4948087ae1740ea7da0c4a25ebe50af0
geometry-specialist-lds_length-transformer-seed42,geometry-specialist-lds_length-transformer-seed42,specialist,,specialist,,42,lds_length,False,20000,0.978125,0.95625,4a8731d08dec8280034faf371ddfae85e793f995b00965d2ee5b0033afca1d08
geometry-specialist-lds_length-transformer-seed101,geometry-specialist-lds_length-transformer-seed101,specialist,,specialist,,101,lds_length,False,20000,0.978125,0.95625,854056a90e8cd8b8d72070e9d1d20c69c3c7e9ff57fdda54b161cabb53509eeb
geometry-specialist-longest_increasing_run-transformer-seed17,geometry-specialist-longest_increasing_run-transformer-seed17,specialist,,specialist,,17,longest_increasing_run,False,20000,1.0,1.0,91d1bc7e3c30604f79c3f8c0123836df6c3b0d7080cd3a7ce72d185f1c374d24
geometry-specialist-longest_increasing_run-transformer-seed42,geometry-specialist-longest_increasing_run-transformer-seed42,specialist,,specialist,,42,longest_increasing_run,False,20000,1.0,1.0,c2173d5b795e8944c39887469ba7f16ef2396c8166fb57257b01868128398d70
geometry-specialist-longest_increasing_run-transformer-seed101,geometry-specialist-longest_increasing_run-transformer-seed101,specialist,,specialist,,101,longest_increasing_run,False,20000,1.0,1.0,65d50305862c875f6846bdeb6b955816daccb0641c59af850badf74d4595484e
geometry-specialist-longest_decreasing_run-transformer-seed17,geometry-specialist-longest_decreasing_run-transformer-seed17,specialist,,specialist,,17,longest_decreasing_run,False,20000,1.0,1.0,ada74fbb6d8a04780b91c29636799b1e39a410f83e920deec1e657ee3e843773
geometry-specialist-longest_decreasing_run-transformer-seed42,geometry-specialist-longest_decreasing_run-transformer-seed42,specialist,,specialist,,42,longest_decreasing_run,False,20000,1.0,1.0,39742cc17cab2410109511170d74c65506c24657dc084f5a39815c93416fe8dd
geometry-specialist-longest_decreasing_run-transformer-seed101,geometry-specialist-longest_decreasing_run-transformer-seed101,specialist,,specialist,,101,longest_decreasing_run,False,20000,1.0,1.0,a02ec15708af6e129f783f44da86a438d34a3222ac6fe377809ddcf87c1b8b35
geometry-specialist-left_to_right_maxima-transformer-seed17,geometry-specialist-left_to_right_maxima-transformer-seed17,specialist,,specialist,,17,left_to_right_maxima,False,20000,1.0,1.0,d98793edd6f50563b7a5f07df4890e531346bbead9a08015fbbf57b6941338d9
geometry-specialist-left_to_right_maxima-transformer-seed42,geometry-specialist-left_to_right_maxima-transformer-seed42,specialist,,specialist,,42,left_to_right_maxima,False,20000,1.0,1.0,0f914a99b38c5874b2bf42404fd97ec6a05f65a9c2777ea82fa4bddffb12c931
geometry-specialist-left_to_right_maxima-transformer-seed101,geometry-specialist-left_to_right_maxima-transformer-seed101,specialist,,specialist,,101,left_to_right_maxima,False,20000,1.0,1.0,7ae4795c6868e383593811c9562e9db8d5be707a393a2e020a04c5884752cc7d
geometry-specialist-left_to_right_minima-transformer-seed17,geometry-specialist-left_to_right_minima-transformer-seed17,specialist,,specialist,,17,left_to_right_minima,False,20000,1.0,1.0,65d4326d12f9e49257d48630d069b813ac9422a04998040a58cf0c62dd9e84f1
geometry-specialist-left_to_right_minima-transformer-seed42,geometry-specialist-left_to_right_minima-transformer-seed42,specialist,,specialist,,42,left_to_right_minima,False,20000,1.0,1.0,999eec399c54d9364d14d47d3e92289ea42385c4098dd48ebf5a213991c1f4b3
geometry-specialist-left_to_right_minima-transformer-seed101,geometry-specialist-left_to_right_minima-transformer-seed101,specialist,,specialist,,101,left_to_right_minima,False,20000,1.0,1.0,f3068ca45aaf4c4f80367c5aa2c3d79dcb33f27122f2591d8ef259c2c4ca882c
geometry-specialist-global_descents-transformer-seed17,geometry-specialist-global_descents-transformer-seed17,specialist,,specialist,,17,global_descents,False,20000,1.0,1.0,a8dd1ee38c2f54bd5572d72da498705774b653778fcc372c2e06fc91f92b7afe
geometry-specialist-global_descents-transformer-seed42,geometry-specialist-global_descents-transformer-seed42,specialist,,specialist,,42,global_descents,False,20000,1.0,1.0,41d5162e57f94be3757a6b16500d2e458064b200d637cd772902b9117dd68547
geometry-specialist-global_descents-transformer-seed101,geometry-specialist-global_descents-transformer-seed101,specialist,,specialist,,101,global_descents,False,20000,1.0,1.0,c1ddb5985bcf76eafc953cdb49eb7b2f81300d68058fb9eef14e7c7ad5771c5c
geometry-specialist-components-transformer-seed17,geometry-specialist-components-transformer-seed17,specialist,,specialist,,17,components,False,20000,1.0,1.0,86166d750c9de837114fa236dfbb855d10bb111675ccdd7b2085df9f3ec24567
geometry-specialist-components-transformer-seed42,geometry-specialist-components-transformer-seed42,specialist,,specialist,,42,components,False,20000,1.0,1.0,da3b2c13ced08863fa069e097fa368ed724037320c88868adab9f5df8ded999a
geometry-specialist-components-transformer-seed101,geometry-specialist-components-transformer-seed101,specialist,,specialist,,101,components,False,20000,1.0,1.0,9a112c7af2aa1b9e5d727a0a6ad4b09858a7aa30d0643bc86fe133ca6df206a6
geometry-bundle-s0-anchor-transformer-seed17,geometry-bundle-s0-anchor-transformer-seed17,bundle,s0,anchor,,17,"descents,anti_fixed_points,left_to_right_maxima,global_descents",False,20000,0.87890625,0.7578125,df7d235f16e2c1c12d5f1c0f79ac29dabb1e130176c0edd01cc4356b9770dbaf
geometry-bundle-s0-anchor-transformer-seed42,geometry-bundle-s0-anchor-transformer-seed42,bundle,s0,anchor,,42,"descents,anti_fixed_points,left_to_right_maxima,global_descents",False,20000,0.8984375,0.796875,17309a9b562c49dd6968ae0c1edf3631f846bb3793e6f1ebd7ca2910555bed7e
geometry-bundle-s0-anchor-transformer-seed101,geometry-bundle-s0-anchor-transformer-seed101,bundle,s0,anchor,,101,"descents,anti_fixed_points,left_to_right_maxima,global_descents",False,20000,0.8828125,0.765625,c9b15fa01bebba565bf7f923794116bad4f03914c025a9ede977b80de0bb64b5
geometry-bundle-s0-r0-transformer-seed17,geometry-bundle-s0-r0-transformer-seed17,bundle,s0,r0,0,17,"peaks,exceedances,lis_length,longest_increasing_run",False,20000,0.9203125,0.840625,9ec441d53e12b6b9e65698a25ab5b4d88d42955fa8dc83fe09d3ec5edf02c61a
geometry-bundle-s0-r0-transformer-seed42,geometry-bundle-s0-r0-transformer-seed42,bundle,s0,r0,0,42,"peaks,exceedances,lis_length,longest_increasing_run",False,20000,0.89453125,0.7890625,9ab3ea0f9f8a31077314228792d1f3bdb37ccff51d3188a24c2580a03909d824
geometry-bundle-s0-r0-transformer-seed101,geometry-bundle-s0-r0-transformer-seed101,bundle,s0,r0,0,101,"peaks,exceedances,lis_length,longest_increasing_run",False,20000,0.9007812500000001,0.8015625,59078bed55d3d586b13dba65a331f524f81bc7ee6cce34b48e03553ecc3cb230
geometry-bundle-s0-r1-transformer-seed17,geometry-bundle-s0-r1-transformer-seed17,bundle,s0,r1,1,17,"peaks,exceedances,lis_length,components",False,20000,0.9,0.8,e650b427cfc06db08c64d8b2614d585220cbe094f7b3e4b4cc7ff406e3fcc55b
geometry-bundle-s0-r1-transformer-seed42,geometry-bundle-s0-r1-transformer-seed42,bundle,s0,r1,1,42,"peaks,exceedances,lis_length,components",False,20000,0.903125,0.80625,7e9d2786c98a889403c272ce65a0db5db2394d836e40ef258e5531a89392e332
geometry-bundle-s0-r1-transformer-seed101,geometry-bundle-s0-r1-transformer-seed101,bundle,s0,r1,1,101,"peaks,exceedances,lis_length,components",False,20000,0.91015625,0.8203125,a24bdd65560f47e220aac249ea38268cf5527b4cb1ceb060db7da68b9dcf4341
geometry-bundle-s0-r2-transformer-seed17,geometry-bundle-s0-r2-transformer-seed17,bundle,s0,r2,2,17,"deficiencies,lds_length,left_to_right_minima,components",False,20000,0.96953125,0.9390625,a6b17ba051dd3a584ea9a025de10042bc81ec6c7e8da6acc27828ecd2d3bb489
geometry-bundle-s0-r2-transformer-seed42,geometry-bundle-s0-r2-transformer-seed42,bundle,s0,r2,2,42,"deficiencies,lds_length,left_to_right_minima,components",False,20000,0.953125,0.90625,9635285244d1caf275ccd79dee482f2e28ec7e109c970ea2e03c3bf3901c0e80
geometry-bundle-s0-r2-transformer-seed101,geometry-bundle-s0-r2-transformer-seed101,bundle,s0,r2,2,101,"deficiencies,lds_length,left_to_right_minima,components",False,20000,0.95234375,0.9046875,804ca75da6aac1523f54cd48a23aafc31d7caba1c69ca311eecd5687683719a2
geometry-bundle-s0-r4-transformer-seed17,geometry-bundle-s0-r4-transformer-seed17,bundle,s0,r4,4,17,"recoils,fixed_points,left_to_right_minima,components",False,20000,0.93359375,0.8671875,7acda892cc7138cc9e8a14df6760f4af7988bed482789dcc53c476d999376f19
geometry-bundle-s0-r4-transformer-seed42,geometry-bundle-s0-r4-transformer-seed42,bundle,s0,r4,4,42,"recoils,fixed_points,left_to_right_minima,components",False,20000,0.9367187499999999,0.8734375,45b735d567ab1476a8fb99a9a4ab64d87b97ecdf90bc9026b80b4b520c6524c5
geometry-bundle-s0-r4-transformer-seed101,geometry-bundle-s0-r4-transformer-seed101,bundle,s0,r4,4,101,"recoils,fixed_points,left_to_right_minima,components",False,20000,0.940625,0.88125,0cd02a03577815e547333580ff17ed85c32f9c20c9925aba5b038faadf7dec83
geometry-bundle-s1-anchor-transformer-seed17,geometry-bundle-s1-anchor-transformer-seed17,bundle,s1,anchor,,17,"recoils,fixed_points,exceedances,components",False,20000,0.9328125,0.865625,b09a1adde1b16f97a4f51b4867d55227ed5b1d96f1fbf830fc0df7c21a3f1b90
geometry-bundle-s1-anchor-transformer-seed42,geometry-bundle-s1-anchor-transformer-seed42,bundle,s1,anchor,,42,"recoils,fixed_points,exceedances,components",False,20000,0.9359375,0.871875,e3a6bb9264ca444a8abad630ae3cf200c45048efd90080ab9716be29777f8806
geometry-bundle-s1-anchor-transformer-seed101,geometry-bundle-s1-anchor-transformer-seed101,bundle,s1,anchor,,101,"recoils,fixed_points,exceedances,components",False,20000,0.928125,0.85625,f9d67d0b803bd514ce53865273aecbb560ea4f63e79d2cac26bcf0ae0a14407a
geometry-bundle-s1-r0-transformer-seed17,geometry-bundle-s1-r0-transformer-seed17,bundle,s1,r0,0,17,"valleys,lds_length,longest_decreasing_run,left_to_right_maxima",False,20000,0.9234375,0.846875,e7900588fe25cdb92147bd969f69de91d32d896d9cea26be58c97244e01070d0
geometry-bundle-s1-r0-transformer-seed42,geometry-bundle-s1-r0-transformer-seed42,bundle,s1,r0,0,42,"valleys,lds_length,longest_decreasing_run,left_to_right_maxima",False,20000,0.8953125,0.790625,717d3d1a41c4642175e47e2912b51765cdfe9f1b90453898f9e24e5d4bbbf885
geometry-bundle-s1-r0-transformer-seed101,geometry-bundle-s1-r0-transformer-seed101,bundle,s1,r0,0,101,"valleys,lds_length,longest_decreasing_run,left_to_right_maxima",False,20000,0.94609375,0.8921875,db548295340ee34793d34e907f44dd5f0ed376e7db828275ad300fa6e139aafa
geometry-bundle-s1-r1-transformer-seed17,geometry-bundle-s1-r1-transformer-seed17,bundle,s1,r1,1,17,"descents,valleys,lds_length,longest_increasing_run",False,20000,0.94609375,0.8921875,4b871952b04a0662a3a3b5795b2fca06024cb355caa57fcc793ccf77183830b1
geometry-bundle-s1-r1-transformer-seed42,geometry-bundle-s1-r1-transformer-seed42,bundle,s1,r1,1,42,"descents,valleys,lds_length,longest_increasing_run",False,20000,0.9289062499999999,0.8578125,f6b7dd286352ba11acbdf19cff044319fd3f811a0f841f9d124746606daa748b
geometry-bundle-s1-r1-transformer-seed101,geometry-bundle-s1-r1-transformer-seed101,bundle,s1,r1,1,101,"descents,valleys,lds_length,longest_increasing_run",False,20000,0.95234375,0.9046875,4afb5ff1569766487b237bc8b94e8530d4c119d300faacb4264cb9779ab5c5bb
geometry-bundle-s1-r2-transformer-seed17,geometry-bundle-s1-r2-transformer-seed17,bundle,s1,r2,2,17,"descents,peaks,anti_fixed_points,longest_decreasing_run",False,20000,0.93671875,0.8734375,061304de9b69c142f2148c4af436dd00917d9b3d85a2812076a90d3a20a28381
geometry-bundle-s1-r2-transformer-seed42,geometry-bundle-s1-r2-transformer-seed42,bundle,s1,r2,2,42,"descents,peaks,anti_fixed_points,longest_decreasing_run",False,20000,0.9390624999999999,0.878125,5db70abc4d4f88c2bb72b5e0f20b627e66b3ad77e0d70548cac30c13cd6eb481
geometry-bundle-s1-r2-transformer-seed101,geometry-bundle-s1-r2-transformer-seed101,bundle,s1,r2,2,101,"descents,peaks,anti_fixed_points,longest_decreasing_run",False,20000,0.928125,0.85625,38bac842ee193b758da3ed5bcc600f279a848236dd84c72d15f110bed8344480
geometry-bundle-s1-r4-transformer-seed17,geometry-bundle-s1-r4-transformer-seed17,bundle,s1,r4,4,17,"descents,anti_fixed_points,deficiencies,global_descents",False,20000,0.87265625,0.7453125,181bbffc904903051ccca297e975d8b18f886958ca8feecb8b647fabddbda832
geometry-bundle-s1-r4-transformer-seed42,geometry-bundle-s1-r4-transformer-seed42,bundle,s1,r4,4,42,"descents,anti_fixed_points,deficiencies,global_descents",False,20000,0.87265625,0.7453124999999999,4a2fb36720f874f628862bb2369e7ed6941ead6cf72e60e4f8b5549fc6f1d6f2
geometry-bundle-s1-r4-transformer-seed101,geometry-bundle-s1-r4-transformer-seed101,bundle,s1,r4,4,101,"descents,anti_fixed_points,deficiencies,global_descents",False,20000,0.871875,0.74375,82c853523ebb497238dc2794b3bc4ebfbfe042378bcffbed778f8f64a5685808
geometry-bundle-s2-anchor-transformer-seed17,geometry-bundle-s2-anchor-transformer-seed17,bundle,s2,anchor,,17,"peaks,lis_length,longest_decreasing_run,left_to_right_minima",False,20000,0.88046875,0.7609375,0b85d53b672d48e5aa290e3f99b692d718b801aa4e5b0b7a697735e5c354bd3c
geometry-bundle-s2-anchor-transformer-seed42,geometry-bundle-s2-anchor-transformer-seed42,bundle,s2,anchor,,42,"peaks,lis_length,longest_decreasing_run,left_to_right_minima",False,20000,0.8695312500000001,0.7390625,f4416b9632073f4fa3af9b6687380baa19d617265d2187f2fe3a52ea55641e3b
geometry-bundle-s2-anchor-transformer-seed101,geometry-bundle-s2-anchor-transformer-seed101,bundle,s2,anchor,,101,"peaks,lis_length,longest_decreasing_run,left_to_right_minima",False,20000,0.9078125,0.815625,033ac45b291d647be4a78432f64eabb255bd29f7a137eaacff5696d79df33254
geometry-bundle-s2-r0-transformer-seed17,geometry-bundle-s2-r0-transformer-seed17,bundle,s2,r0,0,17,"descents,fixed_points,deficiencies,global_descents",False,20000,0.925,0.85,6d7a53f4620a902d33b060bc02b39a48ba390a47b76b96203fe4c919bfb8711f
geometry-bundle-s2-r0-transformer-seed42,geometry-bundle-s2-r0-transformer-seed42,bundle,s2,r0,0,42,"descents,fixed_points,deficiencies,global_descents",False,20000,0.92421875,0.8484375,968572945215bf08953206a0e90a95527eb94f1b83f3f53a53ba136d268113e4
geometry-bundle-s2-r0-transformer-seed101,geometry-bundle-s2-r0-transformer-seed101,bundle,s2,r0,0,101,"descents,fixed_points,deficiencies,global_descents",False,20000,0.9265625,0.853125,45cbd82a4cad414f9edce43f476cd0834b6f1496bb37560bf2f22d5f3987dfa1
geometry-bundle-s2-r1-transformer-seed17,geometry-bundle-s2-r1-transformer-seed17,bundle,s2,r1,1,17,"fixed_points,deficiencies,left_to_right_maxima,global_descents",False,20000,0.98671875,0.9734375,278cc943e88776491879d08e45696d84a199fe11a3f30e5e9743da5d3fbb90fe
geometry-bundle-s2-r1-transformer-seed42,geometry-bundle-s2-r1-transformer-seed42,bundle,s2,r1,1,42,"fixed_points,deficiencies,left_to_right_maxima,global_descents",False,20000,0.99140625,0.9828125,ee0f22dd56a5bab244e3777cffa72360624ad6138c04efbb9785844459117995
geometry-bundle-s2-r1-transformer-seed101,geometry-bundle-s2-r1-transformer-seed101,bundle,s2,r1,1,101,"fixed_points,deficiencies,left_to_right_maxima,global_descents",False,20000,0.98203125,0.9640625,8999f0f3c9750eb3edcfbc165bbd0aeb8424341864a19f42400638a7b664913d
geometry-bundle-s2-r2-transformer-seed17,geometry-bundle-s2-r2-transformer-seed17,bundle,s2,r2,2,17,"recoils,valleys,fixed_points,longest_increasing_run",False,20000,0.828125,0.65625,6a02197d375ce3d8b8fe82ab1f2bdea2a4eb89ba0e5737600f341726d29cf460
geometry-bundle-s2-r2-transformer-seed42,geometry-bundle-s2-r2-transformer-seed42,bundle,s2,r2,2,42,"recoils,valleys,fixed_points,longest_increasing_run",False,20000,0.83984375,0.6796875,7f4a31df2a1a78232869e5d57f2f167ea8dfd5405781ebad72693ade12360ac5
geometry-bundle-s2-r2-transformer-seed101,geometry-bundle-s2-r2-transformer-seed101,bundle,s2,r2,2,101,"recoils,valleys,fixed_points,longest_increasing_run",False,20000,0.82890625,0.6578125,02e6ce70d96a9a5e7411bca33075482339ad58b963e06e0d6415d23eff4bc0fd
geometry-bundle-s2-r4-transformer-seed17,geometry-bundle-s2-r4-transformer-seed17,bundle,s2,r4,4,17,"valleys,lds_length,longest_increasing_run,left_to_right_maxima",False,20000,0.9281250000000001,0.85625,1361610953a7531954ff9cd6abeb3b10f4b74531ec03860cf6cf37c27b3933f9
geometry-bundle-s2-r4-transformer-seed42,geometry-bundle-s2-r4-transformer-seed42,bundle,s2,r4,4,42,"valleys,lds_length,longest_increasing_run,left_to_right_maxima",False,20000,0.93671875,0.8734375,3ff450d9d242c685e0411b5f6a5887370eaa50eebf3ee021afbccac64c8b23fd
geometry-bundle-s2-r4-transformer-seed101,geometry-bundle-s2-r4-transformer-seed101,bundle,s2,r4,4,101,"valleys,lds_length,longest_increasing_run,left_to_right_maxima",False,20000,0.90703125,0.8140625,6019daeb835bed7c20f9c3ef0d82016462ad5fef11a88a2a740bf88dbb4f16d3
geometry-bundle-s3-anchor-transformer-seed17,geometry-bundle-s3-anchor-transformer-seed17,bundle,s3,anchor,,17,"valleys,deficiencies,lds_length,longest_increasing_run",False,20000,0.865625,0.73125,150feac029972ed2e40c2f1188695c2fb43b736dbf431a1442339093e9f03198
geometry-bundle-s3-anchor-transformer-seed42,geometry-bundle-s3-anchor-transformer-seed42,bundle,s3,anchor,,42,"valleys,deficiencies,lds_length,longest_increasing_run",False,20000,0.86875,0.7375,6506a21b400e570fe0496ec28adcd15aeff2558f5c4a470e2e7d6a83a8f10395
geometry-bundle-s3-anchor-transformer-seed101,geometry-bundle-s3-anchor-transformer-seed101,bundle,s3,anchor,,101,"valleys,deficiencies,lds_length,longest_increasing_run",False,20000,0.86171875,0.7234375,17dd48561ff30a3dcefeec077b8c21937cad40a38c2ce91338908768802a5cd6
geometry-bundle-s3-r0-transformer-seed17,geometry-bundle-s3-r0-transformer-seed17,bundle,s3,r0,0,17,"recoils,anti_fixed_points,left_to_right_minima,components",False,20000,0.88671875,0.7734375,ba2ee906bcfc05886f2bbbf4bf19269f9dc5542de5b1cf04e8471094352300c9
geometry-bundle-s3-r0-transformer-seed42,geometry-bundle-s3-r0-transformer-seed42,bundle,s3,r0,0,42,"recoils,anti_fixed_points,left_to_right_minima,components",False,20000,0.8828125,0.765625,1e3fed14ae24d34ea567bfb890ce2345cbb43b410398db4e1faef54fc0452069
geometry-bundle-s3-r0-transformer-seed101,geometry-bundle-s3-r0-transformer-seed101,bundle,s3,r0,0,101,"recoils,anti_fixed_points,left_to_right_minima,components",False,20000,0.89296875,0.7859375,27af0bb57a1fd75ef79daab9d3f954e7f04a5d8134719164561e46742141208d
geometry-bundle-s3-r1-transformer-seed17,geometry-bundle-s3-r1-transformer-seed17,bundle,s3,r1,1,17,"recoils,anti_fixed_points,longest_decreasing_run,left_to_right_minima",False,20000,0.865625,0.73125,848f7c273085fa30decd7231ffba38a4348f24f21ce35df5dc7710b524208ab6
geometry-bundle-s3-r1-transformer-seed42,geometry-bundle-s3-r1-transformer-seed42,bundle,s3,r1,1,42,"recoils,anti_fixed_points,longest_decreasing_run,left_to_right_minima",False,20000,0.85,0.7,55806bc1966b406933472d432cc23646b7ca181dffdd5c25e4b27f65b9c04c5c
geometry-bundle-s3-r1-transformer-seed101,geometry-bundle-s3-r1-transformer-seed101,bundle,s3,r1,1,101,"recoils,anti_fixed_points,longest_decreasing_run,left_to_right_minima",False,20000,0.8515625,0.703125,a9505601c5d8d2734bd091884eedb8a546a1fb326e1e25d2768cf3e0dd90baab
geometry-bundle-s3-r2-transformer-seed17,geometry-bundle-s3-r2-transformer-seed17,bundle,s3,r2,2,17,"exceedances,lis_length,left_to_right_maxima,global_descents",False,20000,0.94765625,0.8953125000000001,4c4197c64736b58c2a57103c02e1d62dd475a314e4d8486b31f7c97c15df3287
geometry-bundle-s3-r2-transformer-seed42,geometry-bundle-s3-r2-transformer-seed42,bundle,s3,r2,2,42,"exceedances,lis_length,left_to_right_maxima,global_descents",False,20000,0.940625,0.88125,d731004ef656aa646464de38a93f6dd881d5e5e163fb8295ea719cfe7d09143c
geometry-bundle-s3-r2-transformer-seed101,geometry-bundle-s3-r2-transformer-seed101,bundle,s3,r2,2,101,"exceedances,lis_length,left_to_right_maxima,global_descents",False,20000,0.95078125,0.9015625,48c6fec93fcaa31a03b78d2a8bd3a928f2b386412145cef0ebc6a0b3d630cb31
geometry-bundle-s3-r4-transformer-seed17,geometry-bundle-s3-r4-transformer-seed17,bundle,s3,r4,4,17,"peaks,exceedances,lis_length,longest_decreasing_run",False,20000,0.88984375,0.7796875,8156af62e0323d557aa883654385c922796f1bb6b93948b4009b646640553cec
geometry-bundle-s3-r4-transformer-seed42,geometry-bundle-s3-r4-transformer-seed42,bundle,s3,r4,4,42,"peaks,exceedances,lis_length,longest_decreasing_run",False,20000,0.91953125,0.8390625,6291160e8c46167a57ebb68fa858ac3cb049b4028d90bd8674d989ef01d8bad4
geometry-bundle-s3-r4-transformer-seed101,geometry-bundle-s3-r4-transformer-seed101,bundle,s3,r4,4,101,"peaks,exceedances,lis_length,longest_decreasing_run",False,20000,0.89453125,0.7890625,226942ef803091a6f79ee1af53a710aaa6429a57008bf22727767e8dda1c87f5
