comparison,task_a,task_b,seed_comparison_count,final_layer_cka_mean,final_layer_cka_sample_sd
direct_relation,descents,recoils,6,0.18168242174105542,0.048779121308750874
direct_relation,exceedances,deficiencies,6,0.14447201911837113,0.019289403443625723
direct_relation,fixed_points,anti_fixed_points,6,0.03405254428826692,0.03809711792660193
direct_relation,global_descents,components,6,0.07381364882817125,0.06824843822554999
direct_relation,left_to_right_maxima,left_to_right_minima,6,0.023376347762312396,0.010354088937849627
direct_relation,lis_length,lds_length,6,0.11911076924855096,0.015498384229030835
direct_relation,longest_increasing_run,longest_decreasing_run,6,0.05295592735633945,0.008962426770044595
direct_relation,peaks,valleys,6,0.4703921589439047,0.04055216660611501
no_direct_relation,anti_fixed_points,components,6,0.06830788077370717,0.020708942329512637
no_direct_relation,anti_fixed_points,deficiencies,6,0.06701000861249806,0.017718594594076008
no_direct_relation,anti_fixed_points,exceedances,6,0.06941924012196331,0.022935837476073723
no_direct_relation,anti_fixed_points,global_descents,6,0.12894472321178801,0.02687989531000422
no_direct_relation,anti_fixed_points,lds_length,6,0.07342796679061837,0.024642247733033463
no_direct_relation,anti_fixed_points,left_to_right_maxima,6,0.05127180299482995,0.006509237749889231
no_direct_relation,anti_fixed_points,left_to_right_minima,6,0.05534467270210088,0.014938678613321573
no_direct_relation,anti_fixed_points,lis_length,6,0.13086995791144113,0.03708783037558616
no_direct_relation,anti_fixed_points,longest_decreasing_run,6,0.06608673403384845,0.020799680923821992
no_direct_relation,anti_fixed_points,longest_increasing_run,6,0.07399741387125777,0.02643520107530116
no_direct_relation,deficiencies,components,6,0.032786869869959906,0.005271944031605054
no_direct_relation,deficiencies,global_descents,6,0.05184396642701885,0.014282951206655042
no_direct_relation,deficiencies,lds_length,6,0.12277430329683874,0.016217194998146434
no_direct_relation,deficiencies,left_to_right_maxima,6,0.04511091785957919,0.009934886776156152
no_direct_relation,deficiencies,left_to_right_minima,6,0.051828126138868814,0.016426700355825035
no_direct_relation,deficiencies,lis_length,6,0.16815732679715392,0.028695504856077008
no_direct_relation,deficiencies,longest_decreasing_run,6,0.06851078371961979,0.0069576097512531925
no_direct_relation,deficiencies,longest_increasing_run,6,0.07678427720990061,0.014324527295723297
no_direct_relation,descents,anti_fixed_points,6,0.059796117502002984,0.02046527230890212
no_direct_relation,descents,components,6,0.03367469035479295,0.00464427221407274
no_direct_relation,descents,deficiencies,6,0.13039934403932768,0.023999721887484126
no_direct_relation,descents,exceedances,6,0.15100120973989403,0.02417813214412676
no_direct_relation,descents,fixed_points,6,0.031788741453688325,0.04187872897874334
no_direct_relation,descents,global_descents,6,0.03748515678229596,0.015611827018975954
no_direct_relation,descents,lds_length,6,0.1928254712361442,0.03304577831021031
no_direct_relation,descents,left_to_right_maxima,6,0.03715358870616888,0.009578444573975983
no_direct_relation,descents,left_to_right_minima,6,0.05806348451965177,0.0211460899361323
no_direct_relation,descents,lis_length,6,0.13335649609222075,0.03297749724648964
no_direct_relation,descents,longest_decreasing_run,6,0.08439401790155728,0.019493063873773725
no_direct_relation,descents,longest_increasing_run,6,0.06201189440124905,0.004836549560163973
no_direct_relation,descents,peaks,6,0.20511241889003826,0.025432225981478852
no_direct_relation,descents,valleys,6,0.17750126130423372,0.023021972336499125
no_direct_relation,exceedances,components,6,0.039706185971682205,0.003179541580714256
no_direct_relation,exceedances,global_descents,6,0.052728895007271674,0.021966187251615577
no_direct_relation,exceedances,lds_length,6,0.1367022302054946,0.009276342857359288
no_direct_relation,exceedances,left_to_right_maxima,6,0.059686490449656626,0.010809639220248241
no_direct_relation,exceedances,left_to_right_minima,6,0.05987685537197629,0.01991574974596279
no_direct_relation,exceedances,lis_length,6,0.195116253541862,0.026358463423237558
no_direct_relation,exceedances,longest_decreasing_run,6,0.0727600108384345,0.005242744835319591
no_direct_relation,exceedances,longest_increasing_run,6,0.08484666290537363,0.005445514682447477
no_direct_relation,fixed_points,components,6,0.08205620417878705,0.02578316591464913
no_direct_relation,fixed_points,deficiencies,6,0.04051622206181569,0.048917685713274726
no_direct_relation,fixed_points,exceedances,6,0.05302663486572539,0.06535071010910173
no_direct_relation,fixed_points,global_descents,6,0.07692394141633539,0.09247452534395946
no_direct_relation,fixed_points,lds_length,6,0.031176706436107166,0.037440618281871105
no_direct_relation,fixed_points,left_to_right_maxima,6,0.034579251342421395,0.04234326036954489
no_direct_relation,fixed_points,left_to_right_minima,6,0.05283736055055075,0.04512622596009141
no_direct_relation,fixed_points,lis_length,6,0.10330332913457389,0.1397904797261096
no_direct_relation,fixed_points,longest_decreasing_run,6,0.03585312643471774,0.04423333664316606
no_direct_relation,fixed_points,longest_increasing_run,6,0.04232237076541914,0.05638692847613849
no_direct_relation,lds_length,components,6,0.03443122719794828,0.005905460056750814
no_direct_relation,lds_length,global_descents,6,0.03373905536567003,0.016165075682306518
no_direct_relation,lds_length,left_to_right_maxima,6,0.035729166774283116,0.007140257015253669
no_direct_relation,lds_length,left_to_right_minima,6,0.06957730385619314,0.017488591574131115
no_direct_relation,lds_length,longest_decreasing_run,6,0.10004066518061362,0.006586645304292534
no_direct_relation,lds_length,longest_increasing_run,6,0.058044899815504286,0.008445767829377428
no_direct_relation,left_to_right_maxima,components,6,0.0190573639805052,0.004535123649828984
no_direct_relation,left_to_right_maxima,global_descents,6,0.16879167281974752,0.009933418769525195
no_direct_relation,left_to_right_minima,components,6,0.11789317737340436,0.0495152492416926
no_direct_relation,left_to_right_minima,global_descents,6,0.06016355087088629,0.0399834397978737
no_direct_relation,lis_length,components,6,0.07978285557404356,0.022547931447536737
no_direct_relation,lis_length,global_descents,6,0.12193403004362517,0.039622143162929474
no_direct_relation,lis_length,left_to_right_maxima,6,0.12642588009036962,0.030454308586834965
no_direct_relation,lis_length,left_to_right_minima,6,0.09493373568800569,0.032094730427516566
no_direct_relation,lis_length,longest_decreasing_run,6,0.09287051895370597,0.022488805979158137
no_direct_relation,lis_length,longest_increasing_run,6,0.23356940980187768,0.07856718631686756
no_direct_relation,longest_decreasing_run,components,6,0.0344773431408599,0.006254471348564993
no_direct_relation,longest_decreasing_run,global_descents,6,0.02733223774571661,0.013084413220460299
no_direct_relation,longest_decreasing_run,left_to_right_maxima,6,0.027828905290629844,0.004881806913918364
no_direct_relation,longest_decreasing_run,left_to_right_minima,6,0.0797585721975015,0.015687546377768685
no_direct_relation,longest_increasing_run,components,6,0.03880951323208435,0.010807204061253028
no_direct_relation,longest_increasing_run,global_descents,6,0.05460038776473508,0.010632960968801626
no_direct_relation,longest_increasing_run,left_to_right_maxima,6,0.0754571747832064,0.011102740305206821
no_direct_relation,longest_increasing_run,left_to_right_minima,6,0.04326511820172104,0.014280857557861928
no_direct_relation,peaks,anti_fixed_points,6,0.11605995312944,0.039516250167920805
no_direct_relation,peaks,components,6,0.05268459664076888,0.004745109554891489
no_direct_relation,peaks,deficiencies,6,0.207156490668169,0.03611793879946015
no_direct_relation,peaks,exceedances,6,0.24884156394358414,0.021967939043345076
no_direct_relation,peaks,fixed_points,6,0.0556480306893326,0.07636915916594052
no_direct_relation,peaks,global_descents,6,0.0670109570254848,0.0245814911697539
no_direct_relation,peaks,lds_length,6,0.20851220486925304,0.018057421043384914
no_direct_relation,peaks,left_to_right_maxima,6,0.08638830471079752,0.01334389839772164
no_direct_relation,peaks,left_to_right_minima,6,0.06720260969960715,0.019503242821002516
no_direct_relation,peaks,lis_length,6,0.28152679302764017,0.032192868397618826
no_direct_relation,peaks,longest_decreasing_run,6,0.09808897318429805,0.013888815234929106
no_direct_relation,peaks,longest_increasing_run,6,0.12076403541604509,0.01862057388793329
no_direct_relation,recoils,anti_fixed_points,6,0.0753221744832346,0.020929133333039994
no_direct_relation,recoils,components,6,0.04083832063690282,0.005331167526992898
no_direct_relation,recoils,deficiencies,6,0.13516853298489026,0.02178600214123402
no_direct_relation,recoils,exceedances,6,0.14525403587373795,0.022447416877808393
no_direct_relation,recoils,fixed_points,6,0.0389690747575066,0.05142760069154529
no_direct_relation,recoils,global_descents,6,0.04576690635489342,0.012628823469398639
no_direct_relation,recoils,lds_length,6,0.19481808339544424,0.03809631003874784
no_direct_relation,recoils,left_to_right_maxima,6,0.046543726572811035,0.011084172765082782
no_direct_relation,recoils,left_to_right_minima,6,0.0631067933005518,0.01851061176162462
no_direct_relation,recoils,lis_length,6,0.16365757626527136,0.030442566042722885
no_direct_relation,recoils,longest_decreasing_run,6,0.08541970891683792,0.008726286951999732
no_direct_relation,recoils,longest_increasing_run,6,0.0786955620415398,0.015566783854152723
no_direct_relation,recoils,peaks,6,0.22401174795313963,0.07976450817691426
no_direct_relation,recoils,valleys,6,0.1607980571558804,0.047983106615616826
no_direct_relation,valleys,anti_fixed_points,6,0.07718220133248295,0.02521625379889535
no_direct_relation,valleys,components,6,0.04256559872340473,0.0053155572240473105
no_direct_relation,valleys,deficiencies,6,0.15738220336081818,0.01824361407581259
no_direct_relation,valleys,exceedances,6,0.17054563986350313,0.012965406920450834
no_direct_relation,valleys,fixed_points,6,0.04207338850221467,0.057628820003999194
no_direct_relation,valleys,global_descents,6,0.05001814412104797,0.01838765240006491
no_direct_relation,valleys,lds_length,6,0.13921145315623154,0.014440262208767837
no_direct_relation,valleys,left_to_right_maxima,6,0.051018235688077285,0.012301004827432883
no_direct_relation,valleys,left_to_right_minima,6,0.05450191649734745,0.014021099198918252
no_direct_relation,valleys,lis_length,6,0.19449040190544284,0.039917377342530924
no_direct_relation,valleys,longest_decreasing_run,6,0.06440344911522068,0.014213825489419307
no_direct_relation,valleys,longest_increasing_run,6,0.08519126691490973,0.017898887546948024
same_task,anti_fixed_points,anti_fixed_points,3,0.2825057713122066,0.06737868443289566
same_task,components,components,3,0.9542737739631201,0.01814762496418216
same_task,deficiencies,deficiencies,3,0.8078473326127046,0.04071279077928888
same_task,descents,descents,3,0.7493486865632852,0.026546602476917914
same_task,exceedances,exceedances,3,0.795952924196842,0.017490984538137782
same_task,fixed_points,fixed_points,3,0.39552847871470614,0.49327080900040027
same_task,global_descents,global_descents,3,0.5178138554695862,0.316907108752752
same_task,lds_length,lds_length,3,0.9328560077597551,0.003002809128410782
same_task,left_to_right_maxima,left_to_right_maxima,3,0.7506429455157294,0.1152655691912374
same_task,left_to_right_minima,left_to_right_minima,3,0.7567175187129518,0.05282297439210084
same_task,lis_length,lis_length,3,0.6138706852613381,0.11807971364029411
same_task,longest_decreasing_run,longest_decreasing_run,3,0.9774455962383403,0.002126872241607302
same_task,longest_increasing_run,longest_increasing_run,3,0.9019920795825113,0.028354892374229883
same_task,peaks,peaks,3,0.7453147197889279,0.03391755760570117
same_task,recoils,recoils,3,0.3776259180136741,0.1879259567445844
same_task,valleys,valleys,3,0.7930869556213586,0.04833224077572627
