pair_id,task_left,task_right,model_seed,condition,applied_transform,layer,linear_cka
descent_inverse,descents,recoils,17,identity,identity,embedding,0.9217755322317656
descent_inverse,descents,recoils,17,identity,identity,block_01,0.5740681750835891
descent_inverse,descents,recoils,17,identity,identity,block_02,0.5503488914245278
descent_inverse,descents,recoils,17,identity,identity,block_03,0.442355051439118
descent_inverse,descents,recoils,17,identity,identity,block_04,0.204138817053796
descent_inverse,descents,recoils,17,identity,identity,final_norm,0.20691459568315013
descent_inverse,descents,recoils,17,correct,inverse,embedding,0.9217755322317656
descent_inverse,descents,recoils,17,correct,inverse,block_01,0.5759228086376785
descent_inverse,descents,recoils,17,correct,inverse,block_02,0.5753328359606016
descent_inverse,descents,recoils,17,correct,inverse,block_03,0.49853820604437693
descent_inverse,descents,recoils,17,correct,inverse,block_04,0.5107092811326734
descent_inverse,descents,recoils,17,correct,inverse,final_norm,0.6145560488958179
descent_inverse,descents,recoils,17,wrong,complement,embedding,0.9217755322317656
descent_inverse,descents,recoils,17,wrong,complement,block_01,0.5809168497168062
descent_inverse,descents,recoils,17,wrong,complement,block_02,0.5426953135452001
descent_inverse,descents,recoils,17,wrong,complement,block_03,0.4055618246572311
descent_inverse,descents,recoils,17,wrong,complement,block_04,0.12556452083793196
descent_inverse,descents,recoils,17,wrong,complement,final_norm,0.10613324002807348
descent_inverse,descents,recoils,42,identity,identity,embedding,0.8884250881499729
descent_inverse,descents,recoils,42,identity,identity,block_01,0.5426748620976839
descent_inverse,descents,recoils,42,identity,identity,block_02,0.6150711750070456
descent_inverse,descents,recoils,42,identity,identity,block_03,0.677145890195477
descent_inverse,descents,recoils,42,identity,identity,block_04,0.15367145401282595
descent_inverse,descents,recoils,42,identity,identity,final_norm,0.12306268902352709
descent_inverse,descents,recoils,42,correct,inverse,embedding,0.8884250881499729
descent_inverse,descents,recoils,42,correct,inverse,block_01,0.5293132065661768
descent_inverse,descents,recoils,42,correct,inverse,block_02,0.6332042057030244
descent_inverse,descents,recoils,42,correct,inverse,block_03,0.7164041400229579
descent_inverse,descents,recoils,42,correct,inverse,block_04,0.2507549848305844
descent_inverse,descents,recoils,42,correct,inverse,final_norm,0.2289772365794778
descent_inverse,descents,recoils,42,wrong,complement,embedding,0.8884250881499729
descent_inverse,descents,recoils,42,wrong,complement,block_01,0.5244492049533296
descent_inverse,descents,recoils,42,wrong,complement,block_02,0.5953936035092247
descent_inverse,descents,recoils,42,wrong,complement,block_03,0.6107815558263684
descent_inverse,descents,recoils,42,wrong,complement,block_04,0.09473903357146106
descent_inverse,descents,recoils,42,wrong,complement,final_norm,0.07017028418845189
descent_inverse,descents,recoils,101,identity,identity,embedding,0.9089734936316276
descent_inverse,descents,recoils,101,identity,identity,block_01,0.661049950244104
descent_inverse,descents,recoils,101,identity,identity,block_02,0.5801251572420353
descent_inverse,descents,recoils,101,identity,identity,block_03,0.6027313259726808
descent_inverse,descents,recoils,101,identity,identity,block_04,0.22004636531254668
descent_inverse,descents,recoils,101,identity,identity,final_norm,0.2342892727166387
descent_inverse,descents,recoils,101,correct,inverse,embedding,0.9089734936316276
descent_inverse,descents,recoils,101,correct,inverse,block_01,0.6612759888295853
descent_inverse,descents,recoils,101,correct,inverse,block_02,0.5994090510919144
descent_inverse,descents,recoils,101,correct,inverse,block_03,0.6558379246663154
descent_inverse,descents,recoils,101,correct,inverse,block_04,0.40844695010561727
descent_inverse,descents,recoils,101,correct,inverse,final_norm,0.5219209117119001
descent_inverse,descents,recoils,101,wrong,complement,embedding,0.9089734936316276
descent_inverse,descents,recoils,101,wrong,complement,block_01,0.6559296010762794
descent_inverse,descents,recoils,101,wrong,complement,block_02,0.5566853105781691
descent_inverse,descents,recoils,101,wrong,complement,block_03,0.5005954998240432
descent_inverse,descents,recoils,101,wrong,complement,block_04,0.12474202863367394
descent_inverse,descents,recoils,101,wrong,complement,final_norm,0.11774988925987735
peak_complement,peaks,valleys,17,identity,identity,embedding,0.8006363171974333
peak_complement,peaks,valleys,17,identity,identity,block_01,0.4555700999316813
peak_complement,peaks,valleys,17,identity,identity,block_02,0.47867056379355266
peak_complement,peaks,valleys,17,identity,identity,block_03,0.4458246433687833
peak_complement,peaks,valleys,17,identity,identity,block_04,0.40004119519089987
peak_complement,peaks,valleys,17,identity,identity,final_norm,0.42818713227813127
peak_complement,peaks,valleys,17,correct,complement,embedding,0.8006363171974333
peak_complement,peaks,valleys,17,correct,complement,block_01,0.4523454200212955
peak_complement,peaks,valleys,17,correct,complement,block_02,0.46892314366676724
peak_complement,peaks,valleys,17,correct,complement,block_03,0.4598870668295538
peak_complement,peaks,valleys,17,correct,complement,block_04,0.5149880034218912
peak_complement,peaks,valleys,17,correct,complement,final_norm,0.5471374597143538
peak_complement,peaks,valleys,17,wrong,inverse,embedding,0.8006363171974333
peak_complement,peaks,valleys,17,wrong,inverse,block_01,0.4481827962334053
peak_complement,peaks,valleys,17,wrong,inverse,block_02,0.4644042325514062
peak_complement,peaks,valleys,17,wrong,inverse,block_03,0.4232395484595607
peak_complement,peaks,valleys,17,wrong,inverse,block_04,0.2628243857356336
peak_complement,peaks,valleys,17,wrong,inverse,final_norm,0.27325133180305894
peak_complement,peaks,valleys,42,identity,identity,embedding,0.8259556900390821
peak_complement,peaks,valleys,42,identity,identity,block_01,0.3262925832554806
peak_complement,peaks,valleys,42,identity,identity,block_02,0.41758881011818433
peak_complement,peaks,valleys,42,identity,identity,block_03,0.5533871787523371
peak_complement,peaks,valleys,42,identity,identity,block_04,0.44174992120882256
peak_complement,peaks,valleys,42,identity,identity,final_norm,0.4270626303582962
peak_complement,peaks,valleys,42,correct,complement,embedding,0.8259556900390821
peak_complement,peaks,valleys,42,correct,complement,block_01,0.35480821928987566
peak_complement,peaks,valleys,42,correct,complement,block_02,0.44486136194823217
peak_complement,peaks,valleys,42,correct,complement,block_03,0.634438902347346
peak_complement,peaks,valleys,42,correct,complement,block_04,0.5679965317872151
peak_complement,peaks,valleys,42,correct,complement,final_norm,0.556471899403244
peak_complement,peaks,valleys,42,wrong,inverse,embedding,0.8259556900390821
peak_complement,peaks,valleys,42,wrong,inverse,block_01,0.3312463938507665
peak_complement,peaks,valleys,42,wrong,inverse,block_02,0.4117155400191395
peak_complement,peaks,valleys,42,wrong,inverse,block_03,0.5388450358708414
peak_complement,peaks,valleys,42,wrong,inverse,block_04,0.33012667049779426
peak_complement,peaks,valleys,42,wrong,inverse,final_norm,0.28861018571844765
peak_complement,peaks,valleys,101,identity,identity,embedding,0.8170457960490458
peak_complement,peaks,valleys,101,identity,identity,block_01,0.2967937902819745
peak_complement,peaks,valleys,101,identity,identity,block_02,0.35959871331131465
peak_complement,peaks,valleys,101,identity,identity,block_03,0.5534786353402626
peak_complement,peaks,valleys,101,identity,identity,block_04,0.5774748609481504
peak_complement,peaks,valleys,101,identity,identity,final_norm,0.5535581116579087
peak_complement,peaks,valleys,101,correct,complement,embedding,0.8170457960490458
peak_complement,peaks,valleys,101,correct,complement,block_01,0.3436340233120846
peak_complement,peaks,valleys,101,correct,complement,block_02,0.40972708362361465
peak_complement,peaks,valleys,101,correct,complement,block_03,0.6440108565132218
peak_complement,peaks,valleys,101,correct,complement,block_04,0.7200844545881657
peak_complement,peaks,valleys,101,correct,complement,final_norm,0.7187931689203307
peak_complement,peaks,valleys,101,wrong,inverse,embedding,0.8170457960490458
peak_complement,peaks,valleys,101,wrong,inverse,block_01,0.30910652729914934
peak_complement,peaks,valleys,101,wrong,inverse,block_02,0.35638794206821045
peak_complement,peaks,valleys,101,wrong,inverse,block_03,0.5353689295031295
peak_complement,peaks,valleys,101,wrong,inverse,block_04,0.4355853081525626
peak_complement,peaks,valleys,101,wrong,inverse,final_norm,0.3368959049940495
fixed_complement,fixed_points,anti_fixed_points,17,identity,identity,embedding,0.6368138174906128
fixed_complement,fixed_points,anti_fixed_points,17,identity,identity,block_01,0.04787521574075452
fixed_complement,fixed_points,anti_fixed_points,17,identity,identity,block_02,0.02629901992443441
fixed_complement,fixed_points,anti_fixed_points,17,identity,identity,block_03,0.018795111297645297
fixed_complement,fixed_points,anti_fixed_points,17,identity,identity,block_04,0.013195212809665836
fixed_complement,fixed_points,anti_fixed_points,17,identity,identity,final_norm,0.014429888125522573
fixed_complement,fixed_points,anti_fixed_points,17,correct,complement,embedding,0.6368138174906128
fixed_complement,fixed_points,anti_fixed_points,17,correct,complement,block_01,0.19767622833052068
fixed_complement,fixed_points,anti_fixed_points,17,correct,complement,block_02,0.2919987260691485
fixed_complement,fixed_points,anti_fixed_points,17,correct,complement,block_03,0.21450203464067688
fixed_complement,fixed_points,anti_fixed_points,17,correct,complement,block_04,0.14058483212729783
fixed_complement,fixed_points,anti_fixed_points,17,correct,complement,final_norm,0.13752967195935603
fixed_complement,fixed_points,anti_fixed_points,17,wrong,inverse,embedding,0.6368138174906128
fixed_complement,fixed_points,anti_fixed_points,17,wrong,inverse,block_01,0.04744958166878585
fixed_complement,fixed_points,anti_fixed_points,17,wrong,inverse,block_02,0.026216346010827177
fixed_complement,fixed_points,anti_fixed_points,17,wrong,inverse,block_03,0.01908983188338918
fixed_complement,fixed_points,anti_fixed_points,17,wrong,inverse,block_04,0.01393684704349693
fixed_complement,fixed_points,anti_fixed_points,17,wrong,inverse,final_norm,0.015756008510832416
fixed_complement,fixed_points,anti_fixed_points,42,identity,identity,embedding,0.6071015380339598
fixed_complement,fixed_points,anti_fixed_points,42,identity,identity,block_01,0.02135330037671984
fixed_complement,fixed_points,anti_fixed_points,42,identity,identity,block_02,0.011877945946380046
fixed_complement,fixed_points,anti_fixed_points,42,identity,identity,block_03,0.012681172292017677
fixed_complement,fixed_points,anti_fixed_points,42,identity,identity,block_04,0.0072713053231199
fixed_complement,fixed_points,anti_fixed_points,42,identity,identity,final_norm,0.007945180489540654
fixed_complement,fixed_points,anti_fixed_points,42,correct,complement,embedding,0.6071015380339598
fixed_complement,fixed_points,anti_fixed_points,42,correct,complement,block_01,0.2134106201428214
fixed_complement,fixed_points,anti_fixed_points,42,correct,complement,block_02,0.35869408103419514
fixed_complement,fixed_points,anti_fixed_points,42,correct,complement,block_03,0.41867027421928465
fixed_complement,fixed_points,anti_fixed_points,42,correct,complement,block_04,0.35017951230480115
fixed_complement,fixed_points,anti_fixed_points,42,correct,complement,final_norm,0.3825219916897212
fixed_complement,fixed_points,anti_fixed_points,42,wrong,inverse,embedding,0.6071015380339598
fixed_complement,fixed_points,anti_fixed_points,42,wrong,inverse,block_01,0.02167164995390376
fixed_complement,fixed_points,anti_fixed_points,42,wrong,inverse,block_02,0.011363453015327705
fixed_complement,fixed_points,anti_fixed_points,42,wrong,inverse,block_03,0.012155252018715984
fixed_complement,fixed_points,anti_fixed_points,42,wrong,inverse,block_04,0.007166429484271744
fixed_complement,fixed_points,anti_fixed_points,42,wrong,inverse,final_norm,0.007704245437515689
fixed_complement,fixed_points,anti_fixed_points,101,identity,identity,embedding,0.729386004842373
fixed_complement,fixed_points,anti_fixed_points,101,identity,identity,block_01,0.06365957251429853
fixed_complement,fixed_points,anti_fixed_points,101,identity,identity,block_02,0.11968098329104919
fixed_complement,fixed_points,anti_fixed_points,101,identity,identity,block_03,0.1507052644475914
fixed_complement,fixed_points,anti_fixed_points,101,identity,identity,block_04,0.10976793021016924
fixed_complement,fixed_points,anti_fixed_points,101,identity,identity,final_norm,0.058650323149267804
fixed_complement,fixed_points,anti_fixed_points,101,correct,complement,embedding,0.729386004842373
fixed_complement,fixed_points,anti_fixed_points,101,correct,complement,block_01,0.06576360947580681
fixed_complement,fixed_points,anti_fixed_points,101,correct,complement,block_02,0.11163575816615467
fixed_complement,fixed_points,anti_fixed_points,101,correct,complement,block_03,0.16289974629046097
fixed_complement,fixed_points,anti_fixed_points,101,correct,complement,block_04,0.15081197654154135
fixed_complement,fixed_points,anti_fixed_points,101,correct,complement,final_norm,0.12212263661482954
fixed_complement,fixed_points,anti_fixed_points,101,wrong,inverse,embedding,0.729386004842373
fixed_complement,fixed_points,anti_fixed_points,101,wrong,inverse,block_01,0.06207405145907516
fixed_complement,fixed_points,anti_fixed_points,101,wrong,inverse,block_02,0.12016605048269748
fixed_complement,fixed_points,anti_fixed_points,101,wrong,inverse,block_03,0.14906956402933438
fixed_complement,fixed_points,anti_fixed_points,101,wrong,inverse,block_04,0.10717985338319946
fixed_complement,fixed_points,anti_fixed_points,101,wrong,inverse,final_norm,0.05871751878208794
exceedance_inverse,exceedances,deficiencies,17,identity,identity,embedding,0.9388453906399178
exceedance_inverse,exceedances,deficiencies,17,identity,identity,block_01,0.8594544681566512
exceedance_inverse,exceedances,deficiencies,17,identity,identity,block_02,0.7027502011593192
exceedance_inverse,exceedances,deficiencies,17,identity,identity,block_03,0.4498716551497477
exceedance_inverse,exceedances,deficiencies,17,identity,identity,block_04,0.14521401946160178
exceedance_inverse,exceedances,deficiencies,17,identity,identity,final_norm,0.1389977759007088
exceedance_inverse,exceedances,deficiencies,17,correct,inverse,embedding,0.9388453906399178
exceedance_inverse,exceedances,deficiencies,17,correct,inverse,block_01,0.9019537603426276
exceedance_inverse,exceedances,deficiencies,17,correct,inverse,block_02,0.9041051054413068
exceedance_inverse,exceedances,deficiencies,17,correct,inverse,block_03,0.8950979251208516
exceedance_inverse,exceedances,deficiencies,17,correct,inverse,block_04,0.7498504423497553
exceedance_inverse,exceedances,deficiencies,17,correct,inverse,final_norm,0.793347124411574
exceedance_inverse,exceedances,deficiencies,17,wrong,complement,embedding,0.9388453906399178
exceedance_inverse,exceedances,deficiencies,17,wrong,complement,block_01,0.8691403955035559
exceedance_inverse,exceedances,deficiencies,17,wrong,complement,block_02,0.7303852992998888
exceedance_inverse,exceedances,deficiencies,17,wrong,complement,block_03,0.48698721498210795
exceedance_inverse,exceedances,deficiencies,17,wrong,complement,block_04,0.14880325020073393
exceedance_inverse,exceedances,deficiencies,17,wrong,complement,final_norm,0.14151603214013367
exceedance_inverse,exceedances,deficiencies,42,identity,identity,embedding,0.9354285331314314
exceedance_inverse,exceedances,deficiencies,42,identity,identity,block_01,0.6929932774320918
exceedance_inverse,exceedances,deficiencies,42,identity,identity,block_02,0.6026824198755437
exceedance_inverse,exceedances,deficiencies,42,identity,identity,block_03,0.36030311603500914
exceedance_inverse,exceedances,deficiencies,42,identity,identity,block_04,0.12555693000345017
exceedance_inverse,exceedances,deficiencies,42,identity,identity,final_norm,0.12029824873257691
exceedance_inverse,exceedances,deficiencies,42,correct,inverse,embedding,0.9354285331314314
exceedance_inverse,exceedances,deficiencies,42,correct,inverse,block_01,0.7409187141068101
exceedance_inverse,exceedances,deficiencies,42,correct,inverse,block_02,0.8419137394135736
exceedance_inverse,exceedances,deficiencies,42,correct,inverse,block_03,0.8663131353697705
exceedance_inverse,exceedances,deficiencies,42,correct,inverse,block_04,0.73832257448103
exceedance_inverse,exceedances,deficiencies,42,correct,inverse,final_norm,0.7865603164660572
exceedance_inverse,exceedances,deficiencies,42,wrong,complement,embedding,0.9354285331314314
exceedance_inverse,exceedances,deficiencies,42,wrong,complement,block_01,0.6753097900802998
exceedance_inverse,exceedances,deficiencies,42,wrong,complement,block_02,0.6309007590908202
exceedance_inverse,exceedances,deficiencies,42,wrong,complement,block_03,0.39825763361219463
exceedance_inverse,exceedances,deficiencies,42,wrong,complement,block_04,0.11855573276614369
exceedance_inverse,exceedances,deficiencies,42,wrong,complement,final_norm,0.11616575183740314
exceedance_inverse,exceedances,deficiencies,101,identity,identity,embedding,0.9122914614100848
exceedance_inverse,exceedances,deficiencies,101,identity,identity,block_01,0.8116273743962193
exceedance_inverse,exceedances,deficiencies,101,identity,identity,block_02,0.7173187006431891
exceedance_inverse,exceedances,deficiencies,101,identity,identity,block_03,0.49435201730470113
exceedance_inverse,exceedances,deficiencies,101,identity,identity,block_04,0.20329042784436613
exceedance_inverse,exceedances,deficiencies,101,identity,identity,final_norm,0.1857529983488977
exceedance_inverse,exceedances,deficiencies,101,correct,inverse,embedding,0.9122914614100848
exceedance_inverse,exceedances,deficiencies,101,correct,inverse,block_01,0.8526284676872008
exceedance_inverse,exceedances,deficiencies,101,correct,inverse,block_02,0.8764869339689666
exceedance_inverse,exceedances,deficiencies,101,correct,inverse,block_03,0.8842183878389781
exceedance_inverse,exceedances,deficiencies,101,correct,inverse,block_04,0.7451107891057646
exceedance_inverse,exceedances,deficiencies,101,correct,inverse,final_norm,0.7653354259475361
exceedance_inverse,exceedances,deficiencies,101,wrong,complement,embedding,0.9122914614100848
exceedance_inverse,exceedances,deficiencies,101,wrong,complement,block_01,0.799818002142543
exceedance_inverse,exceedances,deficiencies,101,wrong,complement,block_02,0.7311081296475496
exceedance_inverse,exceedances,deficiencies,101,wrong,complement,block_03,0.5168411924882836
exceedance_inverse,exceedances,deficiencies,101,wrong,complement,block_04,0.18548147941651486
exceedance_inverse,exceedances,deficiencies,101,wrong,complement,final_norm,0.17676918098670838
subsequence_complement,lis_length,lds_length,17,identity,identity,embedding,0.9048552125539417
subsequence_complement,lis_length,lds_length,17,identity,identity,block_01,0.7548728193854921
subsequence_complement,lis_length,lds_length,17,identity,identity,block_02,0.29223448355528253
subsequence_complement,lis_length,lds_length,17,identity,identity,block_03,0.34308136878225565
subsequence_complement,lis_length,lds_length,17,identity,identity,block_04,0.13443162968070094
subsequence_complement,lis_length,lds_length,17,identity,identity,final_norm,0.10658773241860506
subsequence_complement,lis_length,lds_length,17,correct,complement,embedding,0.9048552125539417
subsequence_complement,lis_length,lds_length,17,correct,complement,block_01,0.7801191248926665
subsequence_complement,lis_length,lds_length,17,correct,complement,block_02,0.37540789535895475
subsequence_complement,lis_length,lds_length,17,correct,complement,block_03,0.564258051972898
subsequence_complement,lis_length,lds_length,17,correct,complement,block_04,0.3789556764831415
subsequence_complement,lis_length,lds_length,17,correct,complement,final_norm,0.3230711573027185
subsequence_complement,lis_length,lds_length,17,wrong,inverse,embedding,0.9048552125539417
subsequence_complement,lis_length,lds_length,17,wrong,inverse,block_01,0.7702577332652886
subsequence_complement,lis_length,lds_length,17,wrong,inverse,block_02,0.2898811978661886
subsequence_complement,lis_length,lds_length,17,wrong,inverse,block_03,0.3423442847218585
subsequence_complement,lis_length,lds_length,17,wrong,inverse,block_04,0.13444188679978086
subsequence_complement,lis_length,lds_length,17,wrong,inverse,final_norm,0.10649309824858338
subsequence_complement,lis_length,lds_length,42,identity,identity,embedding,0.9311218580020563
subsequence_complement,lis_length,lds_length,42,identity,identity,block_01,0.4108448115809336
subsequence_complement,lis_length,lds_length,42,identity,identity,block_02,0.34581505797500384
subsequence_complement,lis_length,lds_length,42,identity,identity,block_03,0.46746212310989743
subsequence_complement,lis_length,lds_length,42,identity,identity,block_04,0.1351173656736359
subsequence_complement,lis_length,lds_length,42,identity,identity,final_norm,0.12436275622295599
subsequence_complement,lis_length,lds_length,42,correct,complement,embedding,0.9311218580020563
subsequence_complement,lis_length,lds_length,42,correct,complement,block_01,0.40595348338944354
subsequence_complement,lis_length,lds_length,42,correct,complement,block_02,0.359464265706481
subsequence_complement,lis_length,lds_length,42,correct,complement,block_03,0.6908142067909481
subsequence_complement,lis_length,lds_length,42,correct,complement,block_04,0.48825218627733713
subsequence_complement,lis_length,lds_length,42,correct,complement,final_norm,0.480856654121377
subsequence_complement,lis_length,lds_length,42,wrong,inverse,embedding,0.9311218580020563
subsequence_complement,lis_length,lds_length,42,wrong,inverse,block_01,0.4081382291391611
subsequence_complement,lis_length,lds_length,42,wrong,inverse,block_02,0.33597096446297764
subsequence_complement,lis_length,lds_length,42,wrong,inverse,block_03,0.46475383503345
subsequence_complement,lis_length,lds_length,42,wrong,inverse,block_04,0.13389074002871892
subsequence_complement,lis_length,lds_length,42,wrong,inverse,final_norm,0.12327719968011071
subsequence_complement,lis_length,lds_length,101,identity,identity,embedding,0.9269867954003309
subsequence_complement,lis_length,lds_length,101,identity,identity,block_01,0.6128528422624746
subsequence_complement,lis_length,lds_length,101,identity,identity,block_02,0.3664350374910634
subsequence_complement,lis_length,lds_length,101,identity,identity,block_03,0.4779768133220181
subsequence_complement,lis_length,lds_length,101,identity,identity,block_04,0.12011766811828951
subsequence_complement,lis_length,lds_length,101,identity,identity,final_norm,0.11274205197140273
subsequence_complement,lis_length,lds_length,101,correct,complement,embedding,0.9269867954003309
subsequence_complement,lis_length,lds_length,101,correct,complement,block_01,0.6092429369170913
subsequence_complement,lis_length,lds_length,101,correct,complement,block_02,0.4249853280788557
subsequence_complement,lis_length,lds_length,101,correct,complement,block_03,0.6735706513992946
subsequence_complement,lis_length,lds_length,101,correct,complement,block_04,0.5421503966574426
subsequence_complement,lis_length,lds_length,101,correct,complement,final_norm,0.6179115035188455
subsequence_complement,lis_length,lds_length,101,wrong,inverse,embedding,0.9269867954003309
subsequence_complement,lis_length,lds_length,101,wrong,inverse,block_01,0.6119129261336368
subsequence_complement,lis_length,lds_length,101,wrong,inverse,block_02,0.35349079463898136
subsequence_complement,lis_length,lds_length,101,wrong,inverse,block_03,0.4665033788644022
subsequence_complement,lis_length,lds_length,101,wrong,inverse,block_04,0.11982871231952481
subsequence_complement,lis_length,lds_length,101,wrong,inverse,final_norm,0.11241788874560375
run_complement,longest_increasing_run,longest_decreasing_run,17,identity,identity,embedding,0.8225214208794188
run_complement,longest_increasing_run,longest_decreasing_run,17,identity,identity,block_01,0.4211394211825777
run_complement,longest_increasing_run,longest_decreasing_run,17,identity,identity,block_02,0.5176451434273334
run_complement,longest_increasing_run,longest_decreasing_run,17,identity,identity,block_03,0.24032725535266924
run_complement,longest_increasing_run,longest_decreasing_run,17,identity,identity,block_04,0.028249860103968166
run_complement,longest_increasing_run,longest_decreasing_run,17,identity,identity,final_norm,0.040543581973586026
run_complement,longest_increasing_run,longest_decreasing_run,17,correct,complement,embedding,0.8225214208794188
run_complement,longest_increasing_run,longest_decreasing_run,17,correct,complement,block_01,0.40524058010895236
run_complement,longest_increasing_run,longest_decreasing_run,17,correct,complement,block_02,0.5681931985779993
run_complement,longest_increasing_run,longest_decreasing_run,17,correct,complement,block_03,0.6936916899395954
run_complement,longest_increasing_run,longest_decreasing_run,17,correct,complement,block_04,0.9328610353311144
run_complement,longest_increasing_run,longest_decreasing_run,17,correct,complement,final_norm,0.9459788949704765
run_complement,longest_increasing_run,longest_decreasing_run,17,wrong,inverse,embedding,0.8225214208794188
run_complement,longest_increasing_run,longest_decreasing_run,17,wrong,inverse,block_01,0.40819064240309433
run_complement,longest_increasing_run,longest_decreasing_run,17,wrong,inverse,block_02,0.5160862925578874
run_complement,longest_increasing_run,longest_decreasing_run,17,wrong,inverse,block_03,0.26111047790592784
run_complement,longest_increasing_run,longest_decreasing_run,17,wrong,inverse,block_04,0.02999969948882668
run_complement,longest_increasing_run,longest_decreasing_run,17,wrong,inverse,final_norm,0.04382997497395442
run_complement,longest_increasing_run,longest_decreasing_run,42,identity,identity,embedding,0.738493051282222
run_complement,longest_increasing_run,longest_decreasing_run,42,identity,identity,block_01,0.7120565172905132
run_complement,longest_increasing_run,longest_decreasing_run,42,identity,identity,block_02,0.7543476152642896
run_complement,longest_increasing_run,longest_decreasing_run,42,identity,identity,block_03,0.3081795241158818
run_complement,longest_increasing_run,longest_decreasing_run,42,identity,identity,block_04,0.06663844664383523
run_complement,longest_increasing_run,longest_decreasing_run,42,identity,identity,final_norm,0.07455939077045053
run_complement,longest_increasing_run,longest_decreasing_run,42,correct,complement,embedding,0.738493051282222
run_complement,longest_increasing_run,longest_decreasing_run,42,correct,complement,block_01,0.710390686354977
run_complement,longest_increasing_run,longest_decreasing_run,42,correct,complement,block_02,0.8047276498547304
run_complement,longest_increasing_run,longest_decreasing_run,42,correct,complement,block_03,0.39113292940336997
run_complement,longest_increasing_run,longest_decreasing_run,42,correct,complement,block_04,0.8893454249131544
run_complement,longest_increasing_run,longest_decreasing_run,42,correct,complement,final_norm,0.9063317734905383
run_complement,longest_increasing_run,longest_decreasing_run,42,wrong,inverse,embedding,0.738493051282222
run_complement,longest_increasing_run,longest_decreasing_run,42,wrong,inverse,block_01,0.7113531669772526
run_complement,longest_increasing_run,longest_decreasing_run,42,wrong,inverse,block_02,0.7446698646921066
run_complement,longest_increasing_run,longest_decreasing_run,42,wrong,inverse,block_03,0.28054149569518577
run_complement,longest_increasing_run,longest_decreasing_run,42,wrong,inverse,block_04,0.06668104022276537
run_complement,longest_increasing_run,longest_decreasing_run,42,wrong,inverse,final_norm,0.07572814937605185
run_complement,longest_increasing_run,longest_decreasing_run,101,identity,identity,embedding,0.8198022522021006
run_complement,longest_increasing_run,longest_decreasing_run,101,identity,identity,block_01,0.7721061596331485
run_complement,longest_increasing_run,longest_decreasing_run,101,identity,identity,block_02,0.7411997496754387
run_complement,longest_increasing_run,longest_decreasing_run,101,identity,identity,block_03,0.37210896310940056
run_complement,longest_increasing_run,longest_decreasing_run,101,identity,identity,block_04,0.0524290701509283
run_complement,longest_increasing_run,longest_decreasing_run,101,identity,identity,final_norm,0.04664853681507126
run_complement,longest_increasing_run,longest_decreasing_run,101,correct,complement,embedding,0.8198022522021006
run_complement,longest_increasing_run,longest_decreasing_run,101,correct,complement,block_01,0.8304542666472039
run_complement,longest_increasing_run,longest_decreasing_run,101,correct,complement,block_02,0.8939502591953052
run_complement,longest_increasing_run,longest_decreasing_run,101,correct,complement,block_03,0.7289820084952118
run_complement,longest_increasing_run,longest_decreasing_run,101,correct,complement,block_04,0.9020652033035855
run_complement,longest_increasing_run,longest_decreasing_run,101,correct,complement,final_norm,0.9255843390013132
run_complement,longest_increasing_run,longest_decreasing_run,101,wrong,inverse,embedding,0.8198022522021006
run_complement,longest_increasing_run,longest_decreasing_run,101,wrong,inverse,block_01,0.7699184854131803
run_complement,longest_increasing_run,longest_decreasing_run,101,wrong,inverse,block_02,0.7567221912815839
run_complement,longest_increasing_run,longest_decreasing_run,101,wrong,inverse,block_03,0.3866002032007382
run_complement,longest_increasing_run,longest_decreasing_run,101,wrong,inverse,block_04,0.05598345717119721
run_complement,longest_increasing_run,longest_decreasing_run,101,wrong,inverse,final_norm,0.049709871825645485
record_complement,left_to_right_maxima,left_to_right_minima,17,identity,identity,embedding,0.7344666453904551
record_complement,left_to_right_maxima,left_to_right_minima,17,identity,identity,block_01,0.08543674811516448
record_complement,left_to_right_maxima,left_to_right_minima,17,identity,identity,block_02,0.07148518066004564
record_complement,left_to_right_maxima,left_to_right_minima,17,identity,identity,block_03,0.042929681446228
record_complement,left_to_right_maxima,left_to_right_minima,17,identity,identity,block_04,0.03950258703516143
record_complement,left_to_right_maxima,left_to_right_minima,17,identity,identity,final_norm,0.03485680108088742
record_complement,left_to_right_maxima,left_to_right_minima,17,correct,complement,embedding,0.7344666453904551
record_complement,left_to_right_maxima,left_to_right_minima,17,correct,complement,block_01,0.1041568961273994
record_complement,left_to_right_maxima,left_to_right_minima,17,correct,complement,block_02,0.17061046777921493
record_complement,left_to_right_maxima,left_to_right_minima,17,correct,complement,block_03,0.31214727358056604
record_complement,left_to_right_maxima,left_to_right_minima,17,correct,complement,block_04,0.3031243690894161
record_complement,left_to_right_maxima,left_to_right_minima,17,correct,complement,final_norm,0.3341956355880367
record_complement,left_to_right_maxima,left_to_right_minima,17,wrong,inverse,embedding,0.7344666453904551
record_complement,left_to_right_maxima,left_to_right_minima,17,wrong,inverse,block_01,0.08892283075505499
record_complement,left_to_right_maxima,left_to_right_minima,17,wrong,inverse,block_02,0.08797883795004229
record_complement,left_to_right_maxima,left_to_right_minima,17,wrong,inverse,block_03,0.051364923389898495
record_complement,left_to_right_maxima,left_to_right_minima,17,wrong,inverse,block_04,0.03904966257160634
record_complement,left_to_right_maxima,left_to_right_minima,17,wrong,inverse,final_norm,0.0359262202218687
record_complement,left_to_right_maxima,left_to_right_minima,42,identity,identity,embedding,0.6759380176246721
record_complement,left_to_right_maxima,left_to_right_minima,42,identity,identity,block_01,0.06346070406625377
record_complement,left_to_right_maxima,left_to_right_minima,42,identity,identity,block_02,0.054157723545203866
record_complement,left_to_right_maxima,left_to_right_minima,42,identity,identity,block_03,0.03272909744784341
record_complement,left_to_right_maxima,left_to_right_minima,42,identity,identity,block_04,0.01707323197289897
record_complement,left_to_right_maxima,left_to_right_minima,42,identity,identity,final_norm,0.01753508507042263
record_complement,left_to_right_maxima,left_to_right_minima,42,correct,complement,embedding,0.6759380176246721
record_complement,left_to_right_maxima,left_to_right_minima,42,correct,complement,block_01,0.40640993790021035
record_complement,left_to_right_maxima,left_to_right_minima,42,correct,complement,block_02,0.37674512008115424
record_complement,left_to_right_maxima,left_to_right_minima,42,correct,complement,block_03,0.3017312349105101
record_complement,left_to_right_maxima,left_to_right_minima,42,correct,complement,block_04,0.31696561895013314
record_complement,left_to_right_maxima,left_to_right_minima,42,correct,complement,final_norm,0.3462836581182579
record_complement,left_to_right_maxima,left_to_right_minima,42,wrong,inverse,embedding,0.6759380176246721
record_complement,left_to_right_maxima,left_to_right_minima,42,wrong,inverse,block_01,0.07086818979171826
record_complement,left_to_right_maxima,left_to_right_minima,42,wrong,inverse,block_02,0.07579191575888655
record_complement,left_to_right_maxima,left_to_right_minima,42,wrong,inverse,block_03,0.045911902920558814
record_complement,left_to_right_maxima,left_to_right_minima,42,wrong,inverse,block_04,0.02171634159796207
record_complement,left_to_right_maxima,left_to_right_minima,42,wrong,inverse,final_norm,0.022411135039893587
record_complement,left_to_right_maxima,left_to_right_minima,101,identity,identity,embedding,0.664062247702919
record_complement,left_to_right_maxima,left_to_right_minima,101,identity,identity,block_01,0.03787142881071932
record_complement,left_to_right_maxima,left_to_right_minima,101,identity,identity,block_02,0.06098380853180983
record_complement,left_to_right_maxima,left_to_right_minima,101,identity,identity,block_03,0.025487139535448414
record_complement,left_to_right_maxima,left_to_right_minima,101,identity,identity,block_04,0.02225234286349286
record_complement,left_to_right_maxima,left_to_right_minima,101,identity,identity,final_norm,0.021449444896430934
record_complement,left_to_right_maxima,left_to_right_minima,101,correct,complement,embedding,0.664062247702919
record_complement,left_to_right_maxima,left_to_right_minima,101,correct,complement,block_01,0.05029844590455683
record_complement,left_to_right_maxima,left_to_right_minima,101,correct,complement,block_02,0.24026666691521276
record_complement,left_to_right_maxima,left_to_right_minima,101,correct,complement,block_03,0.4006108820781408
record_complement,left_to_right_maxima,left_to_right_minima,101,correct,complement,block_04,0.37258866682475156
record_complement,left_to_right_maxima,left_to_right_minima,101,correct,complement,final_norm,0.37569220099604506
record_complement,left_to_right_maxima,left_to_right_minima,101,wrong,inverse,embedding,0.664062247702919
record_complement,left_to_right_maxima,left_to_right_minima,101,wrong,inverse,block_01,0.03915385026599044
record_complement,left_to_right_maxima,left_to_right_minima,101,wrong,inverse,block_02,0.08579655522364936
record_complement,left_to_right_maxima,left_to_right_minima,101,wrong,inverse,block_03,0.038054640112032356
record_complement,left_to_right_maxima,left_to_right_minima,101,wrong,inverse,block_04,0.030809684315864796
record_complement,left_to_right_maxima,left_to_right_minima,101,wrong,inverse,final_norm,0.027588978858884932
decomposition_complement,global_descents,components,17,identity,identity,embedding,0.6909247803803719
decomposition_complement,global_descents,components,17,identity,identity,block_01,0.16267150683154696
decomposition_complement,global_descents,components,17,identity,identity,block_02,0.15147425164352318
decomposition_complement,global_descents,components,17,identity,identity,block_03,0.19413693019781642
decomposition_complement,global_descents,components,17,identity,identity,block_04,0.14762240528030157
decomposition_complement,global_descents,components,17,identity,identity,final_norm,0.17669016213367397
decomposition_complement,global_descents,components,17,correct,complement,embedding,0.6909247803803719
decomposition_complement,global_descents,components,17,correct,complement,block_01,0.1449046333913855
decomposition_complement,global_descents,components,17,correct,complement,block_02,0.22007850959631095
decomposition_complement,global_descents,components,17,correct,complement,block_03,0.4814042811902212
decomposition_complement,global_descents,components,17,correct,complement,block_04,0.5371076384980313
decomposition_complement,global_descents,components,17,correct,complement,final_norm,0.5482580093129148
decomposition_complement,global_descents,components,17,wrong,inverse,embedding,0.6909247803803719
decomposition_complement,global_descents,components,17,wrong,inverse,block_01,0.1484774140726587
decomposition_complement,global_descents,components,17,wrong,inverse,block_02,0.15767183607889615
decomposition_complement,global_descents,components,17,wrong,inverse,block_03,0.19796575056120927
decomposition_complement,global_descents,components,17,wrong,inverse,block_04,0.14817481596075893
decomposition_complement,global_descents,components,17,wrong,inverse,final_norm,0.17777022038806115
decomposition_complement,global_descents,components,42,identity,identity,embedding,0.735283078063577
decomposition_complement,global_descents,components,42,identity,identity,block_01,0.10136681834985045
decomposition_complement,global_descents,components,42,identity,identity,block_02,0.031164162366012646
decomposition_complement,global_descents,components,42,identity,identity,block_03,0.023137096258387186
decomposition_complement,global_descents,components,42,identity,identity,block_04,0.021488569312890234
decomposition_complement,global_descents,components,42,identity,identity,final_norm,0.020574721360314626
decomposition_complement,global_descents,components,42,correct,complement,embedding,0.735283078063577
decomposition_complement,global_descents,components,42,correct,complement,block_01,0.1059582520915536
decomposition_complement,global_descents,components,42,correct,complement,block_02,0.19731101022683994
decomposition_complement,global_descents,components,42,correct,complement,block_03,0.25922730423337026
decomposition_complement,global_descents,components,42,correct,complement,block_04,0.2700882524901534
decomposition_complement,global_descents,components,42,correct,complement,final_norm,0.23004128048906605
decomposition_complement,global_descents,components,42,wrong,inverse,embedding,0.735283078063577
decomposition_complement,global_descents,components,42,wrong,inverse,block_01,0.10087454364756446
decomposition_complement,global_descents,components,42,wrong,inverse,block_02,0.03230144948922065
decomposition_complement,global_descents,components,42,wrong,inverse,block_03,0.023899032244390474
decomposition_complement,global_descents,components,42,wrong,inverse,block_04,0.02220205033819207
decomposition_complement,global_descents,components,42,wrong,inverse,final_norm,0.021236356677785413
decomposition_complement,global_descents,components,101,identity,identity,embedding,0.7194751944207367
decomposition_complement,global_descents,components,101,identity,identity,block_01,0.06516700729259997
decomposition_complement,global_descents,components,101,identity,identity,block_02,0.03970860183735802
decomposition_complement,global_descents,components,101,identity,identity,block_03,0.04127580277950882
decomposition_complement,global_descents,components,101,identity,identity,block_04,0.0288961807667512
decomposition_complement,global_descents,components,101,identity,identity,final_norm,0.0333824075589215
decomposition_complement,global_descents,components,101,correct,complement,embedding,0.7194751944207367
decomposition_complement,global_descents,components,101,correct,complement,block_01,0.057448887245191975
decomposition_complement,global_descents,components,101,correct,complement,block_02,0.17652948301088228
decomposition_complement,global_descents,components,101,correct,complement,block_03,0.29866798016563484
decomposition_complement,global_descents,components,101,correct,complement,block_04,0.31645963543622346
decomposition_complement,global_descents,components,101,correct,complement,final_norm,0.2955509895096704
decomposition_complement,global_descents,components,101,wrong,inverse,embedding,0.7194751944207367
decomposition_complement,global_descents,components,101,wrong,inverse,block_01,0.061743147144918256
decomposition_complement,global_descents,components,101,wrong,inverse,block_02,0.040327411427354715
decomposition_complement,global_descents,components,101,wrong,inverse,block_03,0.04280950084808734
decomposition_complement,global_descents,components,101,wrong,inverse,block_04,0.029147317732486386
decomposition_complement,global_descents,components,101,wrong,inverse,final_norm,0.03362653428063937
