shots,initialization,architecture,base_trained_task_count,task,seed_count,loss_mean,loss_sample_sd,token_accuracy_mean,token_accuracy_sample_sd,sequence_accuracy_mean,sequence_accuracy_sample_sd
5,pretrained,mlp,1,to_reduced_word,3,8.2845297251401231,0.35509921140903833,0.02429729566803546,0.00088408547492542684,0,0
5,pretrained,mlp,1,compose,3,9.0208656497008324,0.33146768470778964,0.021029936733467643,0.0015402676276020425,0,0
5,pretrained,mlp,1,parity,3,6.331426551691691,0.57114174093166914,0.53513333333333335,0.00085049005481154904,0.070266666666666658,0.0017009801096230755
5,pretrained,mlp,1,to_lehmer,3,9.8065445820699342,0.28935316756709395,0.013976962633375764,0.0058166933849177847,0,0
5,pretrained,mlp,2,to_reduced_word,3,7.4623130104564375,0.21939512385804436,0.023417084113741205,0.0016552212079261001,0,0
5,pretrained,mlp,2,compose,3,8.2316679692830821,0.28677484795220609,0.020831615201247267,0.0023859042672053372,0,0
5,pretrained,mlp,2,parity,3,5.3380096949259439,0.18667403027231236,0.53209999999999991,0.0037363083384539179,0.064199999999999993,0.0074726166769077621
5,pretrained,mlp,2,to_lehmer,3,9.3005187931495961,0.62158398542718374,0.019849194392865345,0.0077037606323021078,0,0
5,pretrained,mlp,4,to_reduced_word,3,4.8652886879080901,1.3172396686722707,0.3950413062879059,0.038708228678168755,0,0
5,pretrained,mlp,4,compose,3,8.945543004150041,0.49744716131227357,0.11564305265927576,0.012166952748133017,0,0
5,pretrained,mlp,4,parity,3,1.8262960436344147,0.50643725500771708,0.6579666666666667,0.031270486618108974,0.31593333333333334,0.062540973236217989
5,pretrained,mlp,4,to_lehmer,3,2.4137902327188652,0.32627784783689129,0.55124432143315938,0.010294772267255748,0,0
5,pretrained,mlp,8,to_reduced_word,3,4.5465588815093483,0.17416222066908091,0.38342360982009199,0.018390707185934971,0,0
5,pretrained,mlp,8,compose,3,12.407946167176753,1.09873973093973,0.11951915864544431,0.016583450623130273,0,0
5,pretrained,mlp,8,parity,3,2.2292525565147403,0.46475448824050958,0.58553333333333335,0.01856080098846313,0.17106666666666667,0.037121601976926218
5,pretrained,mlp,8,to_lehmer,3,2.541170587834328,0.09928818867534249,0.54461689380934031,0.013474380769457129,0,0
5,pretrained,mlp,16,to_reduced_word,3,2.9984083977082552,0.3407214912494963,0.43465040467388966,0.012142711791672161,0,0
5,pretrained,mlp,16,compose,3,7.1780952213289311,2.6027164202906627,0.21454658985143557,0.078032662234225419,0,0
5,pretrained,mlp,16,parity,3,2.1112732396761573,1.0593800216062228,0.58709999999999996,0.044533695108311004,0.17419999999999999,0.089067390216621925
5,pretrained,mlp,16,to_lehmer,3,1.9948032321548368,0.15365104755061756,0.54523973575930273,0.0082815322584143224,0,0
5,pretrained,transformer,1,to_reduced_word,3,7.8217890235413572,1.0187673938723996,0.029969770129042894,0.001814109541014316,0,0
5,pretrained,transformer,1,compose,3,7.9688588643293414,0.88215560837979734,0.026205932366466775,0.0078194608576028415,0,0
5,pretrained,transformer,1,parity,3,3.3901168805122377,0.66079752691226024,0.56603333333333328,0.029500225987834989,0.13206666666666667,0.059000451975669936
5,pretrained,transformer,1,to_lehmer,3,9.5921091047495466,1.4067653472945973,0.028224472238766462,0.0065905081771884593,0,0
5,pretrained,transformer,2,to_reduced_word,3,5.8715327815059908,0.48289613849721924,0.030688525253598307,0.0040001412257825789,0,0
5,pretrained,transformer,2,compose,3,6.1624737201534385,0.32353476339873477,0.034776957001535519,0.012218262804422939,0,0
5,pretrained,transformer,2,parity,3,2.7993359777450562,1.1612885997431572,0.58356666666666668,0.055886432462032627,0.2268,0.015431137352768274
5,pretrained,transformer,2,to_lehmer,3,8.1297462314079922,0.70614262196316424,0.052460809616679704,0.0098239526559501158,0,0
5,pretrained,transformer,4,to_reduced_word,3,2.2146085010323513,0.11178480633187231,0.50782810749878704,0.0099847730964223759,0,0
5,pretrained,transformer,4,compose,3,3.2780359539695234,0.2062821507860205,0.42525634530724127,0.015358096945123668,0,0
5,pretrained,transformer,4,parity,3,1.9543814415017764,0.2594458364774096,0.6729666666666666,0.039979536432196573,0.34593333333333337,0.079959072864393133
5,pretrained,transformer,4,to_lehmer,3,2.304595351079497,0.087653682376972755,0.55978504167201926,0.0034720585573816032,0,0
5,pretrained,transformer,8,to_reduced_word,3,2.1728410870697332,0.10107954913009887,0.51072420585989875,0.0075683584993620741,0,0
5,pretrained,transformer,8,compose,3,2.039478478522168,0.10519796779243423,0.48678903694278519,0.020124053130481427,0,0
5,pretrained,transformer,8,parity,3,1.3601066695332527,0.29256300984118488,0.73470000000000002,0.010004498987955388,0.46939999999999998,0.020008997975910724
5,pretrained,transformer,8,to_lehmer,3,1.9522142299685108,0.1252924647656567,0.56744599765655712,0.0054057801209060523,0.0061999999999999998,0.010738715006927038
5,pretrained,transformer,16,to_reduced_word,3,1.9378627697808366,0.12280769290593395,0.51972951200110284,0.00026458855827750372,0,0
5,pretrained,transformer,16,compose,3,1.9508207017331405,0.13235423034049021,0.49279955387473146,0.016114367428170982,0,0
5,pretrained,transformer,16,parity,3,1.3318601702610653,0.29647658982583491,0.73740000000000006,0.0079793483443198789,0.47479999999999994,0.015958696688639702
5,pretrained,transformer,16,to_lehmer,3,1.6519563317471981,0.067920195715612169,0.57632344182461548,0.0098673798964394443,0.018466666666666669,0.02158734197008361
5,random,transformer,0,to_reduced_word,3,2.5351770212921672,0.15186768989939131,0.54112312127738604,0.0065908569774422955,0,0
5,random,transformer,0,compose,3,3.2683928789112513,0.1702257059205958,0.51145355938060844,0.0019306021354186093,0,0
5,random,transformer,0,parity,3,1.3152167541503907,0.35314658921718889,0.74460000000000004,0.0026888659319497105,0.48920000000000002,0.0053777318638995025
5,random,transformer,0,to_lehmer,3,2.7931093288713384,0.10683899531414982,0.57443155940160462,0.0060173441018142992,0.008266666666666667,0.0094706564362420677
5,random,mlp,0,to_reduced_word,3,2.8680903924360002,0.045320786860344096,0.51160989765854448,0.0030614018922036478,0,0
5,random,mlp,0,compose,3,3.1211282076207727,0.065192318408525671,0.50002552653385013,0.0041866715879179854,0,0
5,random,mlp,0,parity,3,0.87025932820638019,0.060378020082755231,0.74730000000000008,0.0034597687784012139,0.49459999999999998,0.00691953755680244
5,random,mlp,0,to_lehmer,3,2.9543368145048219,0.14467890270087491,0.54230459307010481,0.015171703406536625,0.008266666666666667,0.0094706564362420677
20,pretrained,mlp,1,to_reduced_word,3,8.5889046719267537,0.61930413573543752,0.024343666966393878,0.00095204084551893441,0,0
20,pretrained,mlp,1,compose,3,9.1091250376685124,0.31613747644680984,0.021599374796278627,0.00080341842575564208,0,0
20,pretrained,mlp,1,parity,3,6.1920017438252763,0.5609775010064062,0.53443333333333332,0.00023094010767582486,0.068866666666666673,0.00046188021535170583
20,pretrained,mlp,1,to_lehmer,3,9.8285377694091753,0.40708435968740686,0.013622721274334629,0.0066114549104861172,0,0
20,pretrained,mlp,2,to_reduced_word,3,7.8824483907250924,0.1562786801848649,0.023722291568391132,0.0028922532865912954,0,0
20,pretrained,mlp,2,compose,3,8.4490098924446233,0.42869479742177802,0.021298947128657656,0.0017556212905368289,0,0
20,pretrained,mlp,2,parity,3,5.1701701210021973,0.084962809255120175,0.53213333333333335,0.00342685472895095,0.064266666666666666,0.0068537094579018566
20,pretrained,mlp,2,to_lehmer,3,9.1816617296444125,0.22676504598216188,0.01799429321063347,0.005454042188181958,0,0
20,pretrained,mlp,4,to_reduced_word,3,5.105565487458958,1.2784710868884412,0.38942911451476442,0.037054261993274329,0,0
20,pretrained,mlp,4,compose,3,9.3619814039776177,0.58335767040244935,0.11212628172653621,0.0098734407928494361,0,0
20,pretrained,mlp,4,parity,3,1.4984272447347642,0.47224462899280562,0.68756666666666666,0.028706329151135513,0.37513333333333332,0.057412658302271061
20,pretrained,mlp,4,to_lehmer,3,2.3826891351492447,0.32583361946191958,0.54920840680921967,0.01317843972974782,0,0
20,pretrained,mlp,8,to_reduced_word,3,4.7313297290850587,0.3728344890473313,0.37391412119855477,0.019397275889093124,0,0
20,pretrained,mlp,8,compose,3,12.894752124412797,1.0737240154559817,0.11688403492029831,0.014913149040028786,0,0
20,pretrained,mlp,8,parity,3,1.7666871362686158,0.043029073045407387,0.60150000000000003,0.028478061731796261,0.20299999999999999,0.056956123463592578
20,pretrained,mlp,8,to_lehmer,3,2.4960654166953109,0.12102993417040973,0.55121512571675479,0.01178382950247351,0,0
20,pretrained,mlp,16,to_reduced_word,3,3.0572908665981284,0.36468423915734494,0.42669646233364822,0.01792782134750005,0,0
20,pretrained,mlp,16,compose,3,7.5184232305007503,2.9130895746924801,0.19507966242140773,0.067555403117648488,0,0
20,pretrained,mlp,16,parity,3,1.6614723779201508,0.70520813784073733,0.61006666666666665,0.081698980001792765,0.22013333333333332,0.1633979600035855
20,pretrained,mlp,16,to_lehmer,3,1.9123501389199093,0.084203651806019561,0.54761237431244092,0.0016069105885838549,0,0
20,pretrained,transformer,1,to_reduced_word,3,8.3065527501751628,0.82750903039676571,0.028060958865707458,0.0028338391737280457,0,0
20,pretrained,transformer,1,compose,3,8.231709994726792,0.86562773584594477,0.025430318453327678,0.0055297408219648,0,0
20,pretrained,transformer,1,parity,3,3.0068145521163938,0.78679564146464764,0.56743333333333335,0.024965242504997476,0.13486666666666666,0.049930485009994974
20,pretrained,transformer,1,to_lehmer,3,8.9848915653130543,1.2863807423100484,0.02593942083484178,0.0086871388497381779,0,0
20,pretrained,transformer,2,to_reduced_word,3,6.5347213252809375,0.43606267017630762,0.031708693817483417,0.00034847234598170428,0,0
20,pretrained,transformer,2,compose,3,6.7959218104962211,0.31663602902543531,0.03331016309491551,0.013320179622118632,0,0
20,pretrained,transformer,2,parity,3,1.9584251204967498,0.28910052157969296,0.6375333333333334,0.0077358472925293164,0.28140000000000004,0.021015232570685466
20,pretrained,transformer,2,to_lehmer,3,7.6455247614829718,0.57284554740625326,0.059572886132813259,0.013784875940963151,0,0
20,pretrained,transformer,4,to_reduced_word,3,2.2982748741965695,0.10026445166417451,0.51186241045596903,0.0048244475523699336,0,0
20,pretrained,transformer,4,compose,3,3.1259423243197859,0.032517024511744423,0.44958116848690488,0.0071498425472931873,0,0
20,pretrained,transformer,4,parity,3,1.0531112821817399,0.28004281264340475,0.72026666666666672,0.0051081634011974682,0.44053333333333339,0.010216326802394959
20,pretrained,transformer,4,to_lehmer,3,2.1421593930167604,0.05714395669605641,0.56681926294440743,0.0016083881038176954,0,0
20,pretrained,transformer,8,to_reduced_word,3,2.1868781951971465,0.066888929746208581,0.50930988125996723,0.012336267181298681,0,0
20,pretrained,transformer,8,compose,3,1.7531533942959676,0.023484153645289711,0.52700510923392907,0.0029884648277243532,0.0033999999999999998,0.0039949968710876358
20,pretrained,transformer,8,parity,3,0.64159596103827166,0.14521266339224806,0.75193333333333323,0.0068602721034470354,0.50386666666666668,0.013720544206894008
20,pretrained,transformer,8,to_lehmer,3,1.5877281223445869,0.012522956356496672,0.57908730297757371,0.0091402277901583093,0,0
20,pretrained,transformer,16,to_reduced_word,3,1.9667889748924565,0.10427430927936064,0.51768369462898112,0.00918051820283944,0,0
20,pretrained,transformer,16,compose,3,1.7565549115357471,0.094454784900040334,0.51206030545443115,0.0099036216389952608,0,0
20,pretrained,transformer,16,parity,3,0.82881060591141387,0.25063862169708373,0.74870000000000003,0.009578622030334048,0.49740000000000001,0.019157244060668002
20,pretrained,transformer,16,to_lehmer,3,1.3700040098467989,0.032902083108644287,0.58733411967129523,0.0092453413367999168,0.0023333333333333335,0.0032145502536643183
20,random,transformer,0,to_reduced_word,3,1.7011150516340454,0.0015032409300945032,0.54795319196832259,0.0035364736596730281,0.012666666666666666,0.011746205060926414
20,random,transformer,0,compose,3,2.1532518806029515,0.04819659623360812,0.52442889289459116,0.00094687095010041907,0.008666666666666668,0.0089584224801765935
20,random,transformer,0,parity,3,1.2986667277018229,0.14465711688528693,0.74803333333333333,0.0053947505348563678,0.49606666666666666,0.010789501069712791
20,random,transformer,0,to_lehmer,3,1.6952446030900898,0.020352456341284735,0.59377664109121908,0.0032190789658397964,0.015133333333333332,0.010844968111217908
20,random,mlp,0,to_reduced_word,3,2.1537272305490731,0.017779586979748879,0.52550147397495195,0.00067992311334918792,0.0078666666666666659,0.0086932924334416212
20,random,mlp,0,compose,3,2.3131527215674375,0.047206357981479173,0.52492764209443254,0.00094105048172346724,0.005933333333333333,0.0044241760061432154
20,random,mlp,0,parity,3,1.1842731292724611,0.13057766424623146,0.74646666666666661,0.0035837596645608497,0.49293333333333339,0.007167519329121734
20,random,mlp,0,to_lehmer,3,1.8072167694850083,0.012840416188610433,0.57909508850194824,0.0037635275358268083,0.013066666666666666,0.012241459607960699
100,pretrained,mlp,1,to_reduced_word,3,8.6392215434672828,0.50223661891285665,0.024522407243702676,0.00054655235816568142,0,0
100,pretrained,mlp,1,compose,3,9.1202528405958319,0.35150497643286516,0.021831077180456886,0.00099989973457362941,0,0
100,pretrained,mlp,1,parity,3,6.1846856196085609,0.59633084305168182,0.5343,9.9999999999988987e-05,0.068599999999999994,0.00019999999999999879
100,pretrained,mlp,1,to_lehmer,3,9.8626884923730458,0.46416818518673431,0.014193010934768983,0.0069798021174402626,0,0
100,pretrained,mlp,2,to_reduced_word,3,7.9632104007777444,0.072314745362160981,0.02368983165954024,0.0022638673902757559,0,0
100,pretrained,mlp,2,compose,3,8.4598329632657059,0.34486733806648001,0.021247894060957364,0.0018591977280369579,0,0
100,pretrained,mlp,2,parity,3,5.186483872095744,0.091085061960883756,0.53173333333333339,0.0029938826518976147,0.063466666666666657,0.0059877653037951738
100,pretrained,mlp,2,to_lehmer,3,9.2532856666314185,0.30132166704073338,0.019064802812131406,0.0068877812412451861,0,0
100,pretrained,mlp,4,to_reduced_word,3,5.0822029556949486,1.2685729765123701,0.39278808274494481,0.038743697077131989,0,0
100,pretrained,mlp,4,compose,3,9.461738387569012,0.49520696467710934,0.1075452506901982,0.010045691090825204,0,0
100,pretrained,mlp,4,parity,3,1.5372739860057829,0.43716559324980492,0.68753333333333322,0.034677706575454652,0.37506666666666666,0.069355413150909387
100,pretrained,mlp,4,to_lehmer,3,2.3641922772284532,0.29865493567077456,0.55079860016271753,0.013234217401975589,0,0
100,pretrained,mlp,8,to_reduced_word,3,4.7226747382086609,0.2114638598870377,0.37526816311062045,0.011605242962852588,0,0
100,pretrained,mlp,8,compose,3,12.919407109156168,0.99668138026292563,0.11268590189171251,0.013969986006382521,0,0
100,pretrained,mlp,8,parity,3,1.7640913397153219,0.027916514100823339,0.60476666666666667,0.025495947390386006,0.20953333333333335,0.050991894780772103
100,pretrained,mlp,8,to_lehmer,3,2.4941581084537079,0.12484732298650178,0.55136499706096453,0.011073338036842946,0,0
100,pretrained,mlp,16,to_reduced_word,3,3.0703766450672991,0.38520467600140179,0.42617415289122934,0.011570516059617883,0,0
100,pretrained,mlp,16,compose,3,7.5617869158598268,2.8295261221294497,0.18744919237974056,0.066700946884079002,0,0
100,pretrained,mlp,16,parity,3,1.6872192837556204,0.72001172478032871,0.60683333333333334,0.078753814722420504,0.21366666666666667,0.15750762944484098
100,pretrained,mlp,16,to_lehmer,3,1.9132930920729152,0.091541187565948312,0.5461720523031528,0.0022456978653910961,0,0
100,pretrained,transformer,1,to_reduced_word,3,8.4109139627374869,1.0552185337937745,0.02754834524021808,0.0033056197801292772,0,0
100,pretrained,transformer,1,compose,3,8.3935769664094604,0.84677049091911616,0.024970840844025025,0.0045959238884647107,0,0
100,pretrained,transformer,1,parity,3,2.9536466033299766,0.75801733971119578,0.56256666666666666,0.017886400793153817,0.12513333333333335,0.035772801586307634
100,pretrained,transformer,1,to_lehmer,3,8.9827862704714434,1.2194133650497623,0.026285876669508382,0.0084623759236357801,0,0
100,pretrained,transformer,2,to_reduced_word,3,6.6161054021431296,0.46077084302661253,0.031706164473936586,0.00067175066359724707,0,0
100,pretrained,transformer,2,compose,3,6.8011339408343501,0.38420739737109583,0.034415658368579585,0.013334738251026658,0,0
100,pretrained,transformer,2,parity,3,1.9344659776290258,0.28314936500811477,0.63603333333333334,0.038609109460505983,0.27346666666666669,0.078285971497665738
100,pretrained,transformer,2,to_lehmer,3,7.6245278381688131,0.78760518850392414,0.059956323208258888,0.00733254122898343,0,0
100,pretrained,transformer,4,to_reduced_word,3,2.2925206927843322,0.015464355611215699,0.51176334450038519,0.0029059633953588326,0,0
100,pretrained,transformer,4,compose,3,3.1173924355497591,0.066975374772697507,0.45496137639070522,0.0029955221416967637,0,0
100,pretrained,transformer,4,parity,3,0.95932831446329747,0.039634009951246808,0.72403333333333331,0.0051247764178872597,0.44806666666666667,0.010249552835774516
100,pretrained,transformer,4,to_lehmer,3,2.0840428606393648,0.058838411681674321,0.56883960651959808,0.002280828962072063,0,0
100,pretrained,transformer,8,to_reduced_word,3,2.2189761710521814,0.17068653425832528,0.50795752557693274,0.020383039330818819,0,0
100,pretrained,transformer,8,compose,3,1.723852547014374,0.025162800542663854,0.53180802475681066,0.0028674305860057667,0.0031999999999999997,0.0055425625842204064
100,pretrained,transformer,8,parity,3,0.46786729950110123,0.042119368634372545,0.75023333333333342,0.0063263997133703922,0.50046666666666673,0.012652799426740814
100,pretrained,transformer,8,to_lehmer,3,1.5226721835539119,0.019864578078038909,0.58255380770533349,0.0095431753774429598,0,0
100,pretrained,transformer,16,to_reduced_word,3,1.9845014524856177,0.046594183919899695,0.52041875811761196,0.0040104257438478234,0,0
100,pretrained,transformer,16,compose,3,1.7355224948603019,0.074366351273044154,0.51446569037492595,0.012956698367575332,0,0
100,pretrained,transformer,16,parity,3,0.71467802254358925,0.061704244866354903,0.7544333333333334,0.00073711147958318093,0.50886666666666669,0.0014742229591664046
100,pretrained,transformer,16,to_lehmer,3,1.3402463579758666,0.044160021916989332,0.58735747624441881,0.010177347563649517,0.00079999999999999993,0.0013856406460551016
100,random,transformer,0,to_reduced_word,3,1.4289346827968619,0.0048712717719422115,0.54802359203037565,0.0013050440469391067,0.029399999999999999,0.0095268042910516409
100,random,transformer,0,compose,3,1.5484224859512787,0.0075537728456917244,0.54019643649587457,0.00095235833769954838,0.0166,0.0060630025564896474
100,random,transformer,0,parity,3,0.52240521647135418,0.040338399458737767,0.75336666666666663,0.0055148284953689519,0.50673333333333337,0.011029656990737904
100,random,transformer,0,to_lehmer,3,1.1654704931230251,0.021965299275061852,0.61467104213136514,0.0021808815825182571,0.033399999999999999,0.01505722417977497
100,random,mlp,0,to_reduced_word,3,1.6314690432429888,0.030821556114924348,0.52936926181530142,0.0014880712651070219,0.023333333333333334,0.00098657657246324941
100,random,mlp,0,compose,3,1.6250229204525015,0.0089551208631413279,0.53575285602642186,0.0041956011026902671,0.019,0.0010583005244258357
100,random,mlp,0,parity,3,0.50993635559082029,0.030320946979991388,0.74920000000000009,0.0044508426168535873,0.49839999999999995,0.0089016852337071451
100,random,mlp,0,to_lehmer,3,1.3233197226434124,0.019004536562643136,0.60154075527371953,0.0031604836114272408,0.023266666666666668,0.0026558112382722783
