comparison,architecture,condition_a,seed_a,run_id_a,layer,condition_b,seed_b,run_id_b,probe_examples,linear_cka
within_condition_cross_seed,mlp,encoding_e4,17,category-encoding-e4-mlp-seed17,embedding,encoding_e4,42,category-encoding-e4-mlp-seed42,4096,0.7315945780747393
within_condition_cross_seed,mlp,encoding_e4,17,category-encoding-e4-mlp-seed17,block_01,encoding_e4,42,category-encoding-e4-mlp-seed42,4096,0.7757435230827202
within_condition_cross_seed,mlp,encoding_e4,17,category-encoding-e4-mlp-seed17,final_norm,encoding_e4,42,category-encoding-e4-mlp-seed42,4096,0.6323298114230413
within_condition_cross_seed,mlp,encoding_e4,17,category-encoding-e4-mlp-seed17,embedding,encoding_e4,314159,category-encoding-e4-mlp-seed314159,4096,0.6841898603075084
within_condition_cross_seed,mlp,encoding_e4,17,category-encoding-e4-mlp-seed17,block_01,encoding_e4,314159,category-encoding-e4-mlp-seed314159,4096,0.3625809639238663
within_condition_cross_seed,mlp,encoding_e4,17,category-encoding-e4-mlp-seed17,final_norm,encoding_e4,314159,category-encoding-e4-mlp-seed314159,4096,0.5597213023823182
within_condition_cross_seed,mlp,encoding_e4,42,category-encoding-e4-mlp-seed42,embedding,encoding_e4,314159,category-encoding-e4-mlp-seed314159,4096,0.6615942866227703
within_condition_cross_seed,mlp,encoding_e4,42,category-encoding-e4-mlp-seed42,block_01,encoding_e4,314159,category-encoding-e4-mlp-seed314159,4096,0.3477428392332535
within_condition_cross_seed,mlp,encoding_e4,42,category-encoding-e4-mlp-seed42,final_norm,encoding_e4,314159,category-encoding-e4-mlp-seed314159,4096,0.44913693194065607
within_condition_cross_seed,mlp,statistics_s4,17,category-statistics-s4-mlp-seed17,embedding,statistics_s4,42,category-statistics-s4-mlp-seed42,4096,0.9080960427140016
within_condition_cross_seed,mlp,statistics_s4,17,category-statistics-s4-mlp-seed17,block_01,statistics_s4,42,category-statistics-s4-mlp-seed42,4096,0.825434827405651
within_condition_cross_seed,mlp,statistics_s4,17,category-statistics-s4-mlp-seed17,final_norm,statistics_s4,42,category-statistics-s4-mlp-seed42,4096,0.835701361393676
within_condition_cross_seed,mlp,statistics_s4,17,category-statistics-s4-mlp-seed17,embedding,statistics_s4,314159,category-statistics-s4-mlp-seed314159,4096,0.8986127490573842
within_condition_cross_seed,mlp,statistics_s4,17,category-statistics-s4-mlp-seed17,block_01,statistics_s4,314159,category-statistics-s4-mlp-seed314159,4096,0.8358691705267944
within_condition_cross_seed,mlp,statistics_s4,17,category-statistics-s4-mlp-seed17,final_norm,statistics_s4,314159,category-statistics-s4-mlp-seed314159,4096,0.8483903630838483
within_condition_cross_seed,mlp,statistics_s4,42,category-statistics-s4-mlp-seed42,embedding,statistics_s4,314159,category-statistics-s4-mlp-seed314159,4096,0.8751885609590979
within_condition_cross_seed,mlp,statistics_s4,42,category-statistics-s4-mlp-seed42,block_01,statistics_s4,314159,category-statistics-s4-mlp-seed314159,4096,0.8336060679775281
within_condition_cross_seed,mlp,statistics_s4,42,category-statistics-s4-mlp-seed42,final_norm,statistics_s4,314159,category-statistics-s4-mlp-seed314159,4096,0.8505007325633899
within_condition_cross_seed,mlp,algebra_a4,17,category-algebra-a4-mlp-seed17,embedding,algebra_a4,42,category-algebra-a4-mlp-seed42,4096,0.721530543390254
within_condition_cross_seed,mlp,algebra_a4,17,category-algebra-a4-mlp-seed17,block_01,algebra_a4,42,category-algebra-a4-mlp-seed42,4096,0.4068993842856821
within_condition_cross_seed,mlp,algebra_a4,17,category-algebra-a4-mlp-seed17,final_norm,algebra_a4,42,category-algebra-a4-mlp-seed42,4096,0.5547465484729756
within_condition_cross_seed,mlp,algebra_a4,17,category-algebra-a4-mlp-seed17,embedding,algebra_a4,314159,category-algebra-a4-mlp-seed314159,4096,0.7924941861215711
within_condition_cross_seed,mlp,algebra_a4,17,category-algebra-a4-mlp-seed17,block_01,algebra_a4,314159,category-algebra-a4-mlp-seed314159,4096,0.25280273638036815
within_condition_cross_seed,mlp,algebra_a4,17,category-algebra-a4-mlp-seed17,final_norm,algebra_a4,314159,category-algebra-a4-mlp-seed314159,4096,0.5019507680559725
within_condition_cross_seed,mlp,algebra_a4,42,category-algebra-a4-mlp-seed42,embedding,algebra_a4,314159,category-algebra-a4-mlp-seed314159,4096,0.7491895246922465
within_condition_cross_seed,mlp,algebra_a4,42,category-algebra-a4-mlp-seed42,block_01,algebra_a4,314159,category-algebra-a4-mlp-seed314159,4096,0.1956815149138792
within_condition_cross_seed,mlp,algebra_a4,42,category-algebra-a4-mlp-seed42,final_norm,algebra_a4,314159,category-algebra-a4-mlp-seed314159,4096,0.5445449572400383
disjoint_condition_same_seed,mlp,encoding_e4,17,category-encoding-e4-mlp-seed17,embedding,statistics_s4,17,category-statistics-s4-mlp-seed17,4096,0.6519462967327508
disjoint_condition_same_seed,mlp,encoding_e4,17,category-encoding-e4-mlp-seed17,block_01,statistics_s4,17,category-statistics-s4-mlp-seed17,4096,0.6306708589229701
disjoint_condition_same_seed,mlp,encoding_e4,17,category-encoding-e4-mlp-seed17,final_norm,statistics_s4,17,category-statistics-s4-mlp-seed17,4096,0.5603126704320397
disjoint_condition_same_seed,mlp,encoding_e4,42,category-encoding-e4-mlp-seed42,embedding,statistics_s4,42,category-statistics-s4-mlp-seed42,4096,0.6186047463230252
disjoint_condition_same_seed,mlp,encoding_e4,42,category-encoding-e4-mlp-seed42,block_01,statistics_s4,42,category-statistics-s4-mlp-seed42,4096,0.48125002676521206
disjoint_condition_same_seed,mlp,encoding_e4,42,category-encoding-e4-mlp-seed42,final_norm,statistics_s4,42,category-statistics-s4-mlp-seed42,4096,0.4834235779006654
disjoint_condition_same_seed,mlp,encoding_e4,314159,category-encoding-e4-mlp-seed314159,embedding,statistics_s4,314159,category-statistics-s4-mlp-seed314159,4096,0.6143354836354069
disjoint_condition_same_seed,mlp,encoding_e4,314159,category-encoding-e4-mlp-seed314159,block_01,statistics_s4,314159,category-statistics-s4-mlp-seed314159,4096,0.5743097083538625
disjoint_condition_same_seed,mlp,encoding_e4,314159,category-encoding-e4-mlp-seed314159,final_norm,statistics_s4,314159,category-statistics-s4-mlp-seed314159,4096,0.4428914291655458
disjoint_condition_cross_seed,mlp,encoding_e4,17,category-encoding-e4-mlp-seed17,embedding,statistics_s4,42,category-statistics-s4-mlp-seed42,4096,0.6264625669399271
disjoint_condition_cross_seed,mlp,encoding_e4,17,category-encoding-e4-mlp-seed17,block_01,statistics_s4,42,category-statistics-s4-mlp-seed42,4096,0.5069832944433035
disjoint_condition_cross_seed,mlp,encoding_e4,17,category-encoding-e4-mlp-seed17,final_norm,statistics_s4,42,category-statistics-s4-mlp-seed42,4096,0.6807187260050143
disjoint_condition_cross_seed,mlp,encoding_e4,17,category-encoding-e4-mlp-seed17,embedding,statistics_s4,314159,category-statistics-s4-mlp-seed314159,4096,0.6592350904204477
disjoint_condition_cross_seed,mlp,encoding_e4,17,category-encoding-e4-mlp-seed17,block_01,statistics_s4,314159,category-statistics-s4-mlp-seed314159,4096,0.5958988203823091
disjoint_condition_cross_seed,mlp,encoding_e4,17,category-encoding-e4-mlp-seed17,final_norm,statistics_s4,314159,category-statistics-s4-mlp-seed314159,4096,0.6171576500747781
disjoint_condition_cross_seed,mlp,encoding_e4,42,category-encoding-e4-mlp-seed42,embedding,statistics_s4,17,category-statistics-s4-mlp-seed17,4096,0.6507137218548501
disjoint_condition_cross_seed,mlp,encoding_e4,42,category-encoding-e4-mlp-seed42,block_01,statistics_s4,17,category-statistics-s4-mlp-seed17,4096,0.6019925569441342
disjoint_condition_cross_seed,mlp,encoding_e4,42,category-encoding-e4-mlp-seed42,final_norm,statistics_s4,17,category-statistics-s4-mlp-seed17,4096,0.43812825466907157
disjoint_condition_cross_seed,mlp,encoding_e4,42,category-encoding-e4-mlp-seed42,embedding,statistics_s4,314159,category-statistics-s4-mlp-seed314159,4096,0.6226023790181932
disjoint_condition_cross_seed,mlp,encoding_e4,42,category-encoding-e4-mlp-seed42,block_01,statistics_s4,314159,category-statistics-s4-mlp-seed314159,4096,0.5888420130066925
disjoint_condition_cross_seed,mlp,encoding_e4,42,category-encoding-e4-mlp-seed42,final_norm,statistics_s4,314159,category-statistics-s4-mlp-seed314159,4096,0.45443628484290466
disjoint_condition_cross_seed,mlp,encoding_e4,314159,category-encoding-e4-mlp-seed314159,embedding,statistics_s4,17,category-statistics-s4-mlp-seed17,4096,0.6065163474666395
disjoint_condition_cross_seed,mlp,encoding_e4,314159,category-encoding-e4-mlp-seed314159,block_01,statistics_s4,17,category-statistics-s4-mlp-seed17,4096,0.5594829006933626
disjoint_condition_cross_seed,mlp,encoding_e4,314159,category-encoding-e4-mlp-seed314159,final_norm,statistics_s4,17,category-statistics-s4-mlp-seed17,4096,0.42078630944277234
disjoint_condition_cross_seed,mlp,encoding_e4,314159,category-encoding-e4-mlp-seed314159,embedding,statistics_s4,42,category-statistics-s4-mlp-seed42,4096,0.5955438603215505
disjoint_condition_cross_seed,mlp,encoding_e4,314159,category-encoding-e4-mlp-seed314159,block_01,statistics_s4,42,category-statistics-s4-mlp-seed42,4096,0.6824808065737277
disjoint_condition_cross_seed,mlp,encoding_e4,314159,category-encoding-e4-mlp-seed314159,final_norm,statistics_s4,42,category-statistics-s4-mlp-seed42,4096,0.5430779586785265
disjoint_condition_same_seed,mlp,encoding_e4,17,category-encoding-e4-mlp-seed17,embedding,algebra_a4,17,category-algebra-a4-mlp-seed17,4096,0.760089071737943
disjoint_condition_same_seed,mlp,encoding_e4,17,category-encoding-e4-mlp-seed17,block_01,algebra_a4,17,category-algebra-a4-mlp-seed17,4096,0.15058586808351834
disjoint_condition_same_seed,mlp,encoding_e4,17,category-encoding-e4-mlp-seed17,final_norm,algebra_a4,17,category-algebra-a4-mlp-seed17,4096,0.20441460574671785
disjoint_condition_same_seed,mlp,encoding_e4,42,category-encoding-e4-mlp-seed42,embedding,algebra_a4,42,category-algebra-a4-mlp-seed42,4096,0.6395577897250317
disjoint_condition_same_seed,mlp,encoding_e4,42,category-encoding-e4-mlp-seed42,block_01,algebra_a4,42,category-algebra-a4-mlp-seed42,4096,0.30569408055081587
disjoint_condition_same_seed,mlp,encoding_e4,42,category-encoding-e4-mlp-seed42,final_norm,algebra_a4,42,category-algebra-a4-mlp-seed42,4096,0.18137977701146654
disjoint_condition_same_seed,mlp,encoding_e4,314159,category-encoding-e4-mlp-seed314159,embedding,algebra_a4,314159,category-algebra-a4-mlp-seed314159,4096,0.626271127082562
disjoint_condition_same_seed,mlp,encoding_e4,314159,category-encoding-e4-mlp-seed314159,block_01,algebra_a4,314159,category-algebra-a4-mlp-seed314159,4096,0.42602548194813455
disjoint_condition_same_seed,mlp,encoding_e4,314159,category-encoding-e4-mlp-seed314159,final_norm,algebra_a4,314159,category-algebra-a4-mlp-seed314159,4096,0.1190720230819809
disjoint_condition_cross_seed,mlp,encoding_e4,17,category-encoding-e4-mlp-seed17,embedding,algebra_a4,42,category-algebra-a4-mlp-seed42,4096,0.6251559463605977
disjoint_condition_cross_seed,mlp,encoding_e4,17,category-encoding-e4-mlp-seed17,block_01,algebra_a4,42,category-algebra-a4-mlp-seed42,4096,0.25134955053734354
disjoint_condition_cross_seed,mlp,encoding_e4,17,category-encoding-e4-mlp-seed17,final_norm,algebra_a4,42,category-algebra-a4-mlp-seed42,4096,0.17666336856653378
disjoint_condition_cross_seed,mlp,encoding_e4,17,category-encoding-e4-mlp-seed17,embedding,algebra_a4,314159,category-algebra-a4-mlp-seed314159,4096,0.6897611655022229
disjoint_condition_cross_seed,mlp,encoding_e4,17,category-encoding-e4-mlp-seed17,block_01,algebra_a4,314159,category-algebra-a4-mlp-seed314159,4096,0.19481807224443748
disjoint_condition_cross_seed,mlp,encoding_e4,17,category-encoding-e4-mlp-seed17,final_norm,algebra_a4,314159,category-algebra-a4-mlp-seed314159,4096,0.16495981115819902
disjoint_condition_cross_seed,mlp,encoding_e4,42,category-encoding-e4-mlp-seed42,embedding,algebra_a4,17,category-algebra-a4-mlp-seed17,4096,0.7576806726852193
disjoint_condition_cross_seed,mlp,encoding_e4,42,category-encoding-e4-mlp-seed42,block_01,algebra_a4,17,category-algebra-a4-mlp-seed17,4096,0.14840440134589553
disjoint_condition_cross_seed,mlp,encoding_e4,42,category-encoding-e4-mlp-seed42,final_norm,algebra_a4,17,category-algebra-a4-mlp-seed17,4096,0.20324481501991626
disjoint_condition_cross_seed,mlp,encoding_e4,42,category-encoding-e4-mlp-seed42,embedding,algebra_a4,314159,category-algebra-a4-mlp-seed314159,4096,0.704235993488706
disjoint_condition_cross_seed,mlp,encoding_e4,42,category-encoding-e4-mlp-seed42,block_01,algebra_a4,314159,category-algebra-a4-mlp-seed314159,4096,0.16708984122093057
disjoint_condition_cross_seed,mlp,encoding_e4,42,category-encoding-e4-mlp-seed42,final_norm,algebra_a4,314159,category-algebra-a4-mlp-seed314159,4096,0.15543802916454538
disjoint_condition_cross_seed,mlp,encoding_e4,314159,category-encoding-e4-mlp-seed314159,embedding,algebra_a4,17,category-algebra-a4-mlp-seed17,4096,0.6431572815254379
disjoint_condition_cross_seed,mlp,encoding_e4,314159,category-encoding-e4-mlp-seed314159,block_01,algebra_a4,17,category-algebra-a4-mlp-seed17,4096,0.26036742955865644
disjoint_condition_cross_seed,mlp,encoding_e4,314159,category-encoding-e4-mlp-seed314159,final_norm,algebra_a4,17,category-algebra-a4-mlp-seed17,4096,0.1563207915427247
disjoint_condition_cross_seed,mlp,encoding_e4,314159,category-encoding-e4-mlp-seed314159,embedding,algebra_a4,42,category-algebra-a4-mlp-seed42,4096,0.5498702136609421
disjoint_condition_cross_seed,mlp,encoding_e4,314159,category-encoding-e4-mlp-seed314159,block_01,algebra_a4,42,category-algebra-a4-mlp-seed42,4096,0.17334205030922936
disjoint_condition_cross_seed,mlp,encoding_e4,314159,category-encoding-e4-mlp-seed314159,final_norm,algebra_a4,42,category-algebra-a4-mlp-seed42,4096,0.13981873638342052
disjoint_condition_same_seed,mlp,statistics_s4,17,category-statistics-s4-mlp-seed17,embedding,algebra_a4,17,category-algebra-a4-mlp-seed17,4096,0.6810008034164818
disjoint_condition_same_seed,mlp,statistics_s4,17,category-statistics-s4-mlp-seed17,block_01,algebra_a4,17,category-algebra-a4-mlp-seed17,4096,0.21866894923961527
disjoint_condition_same_seed,mlp,statistics_s4,17,category-statistics-s4-mlp-seed17,final_norm,algebra_a4,17,category-algebra-a4-mlp-seed17,4096,0.2233611095267356
disjoint_condition_same_seed,mlp,statistics_s4,42,category-statistics-s4-mlp-seed42,embedding,algebra_a4,42,category-algebra-a4-mlp-seed42,4096,0.679491418452419
disjoint_condition_same_seed,mlp,statistics_s4,42,category-statistics-s4-mlp-seed42,block_01,algebra_a4,42,category-algebra-a4-mlp-seed42,4096,0.24560328200260037
disjoint_condition_same_seed,mlp,statistics_s4,42,category-statistics-s4-mlp-seed42,final_norm,algebra_a4,42,category-algebra-a4-mlp-seed42,4096,0.15424661194534997
disjoint_condition_same_seed,mlp,statistics_s4,314159,category-statistics-s4-mlp-seed314159,embedding,algebra_a4,314159,category-algebra-a4-mlp-seed314159,4096,0.7817817900337992
disjoint_condition_same_seed,mlp,statistics_s4,314159,category-statistics-s4-mlp-seed314159,block_01,algebra_a4,314159,category-algebra-a4-mlp-seed314159,4096,0.34659489435766033
disjoint_condition_same_seed,mlp,statistics_s4,314159,category-statistics-s4-mlp-seed314159,final_norm,algebra_a4,314159,category-algebra-a4-mlp-seed314159,4096,0.1668044187398321
disjoint_condition_cross_seed,mlp,statistics_s4,17,category-statistics-s4-mlp-seed17,embedding,algebra_a4,42,category-algebra-a4-mlp-seed42,4096,0.6891634252562804
disjoint_condition_cross_seed,mlp,statistics_s4,17,category-statistics-s4-mlp-seed17,block_01,algebra_a4,42,category-algebra-a4-mlp-seed42,4096,0.27471225257261467
disjoint_condition_cross_seed,mlp,statistics_s4,17,category-statistics-s4-mlp-seed17,final_norm,algebra_a4,42,category-algebra-a4-mlp-seed42,4096,0.1656787954354821
disjoint_condition_cross_seed,mlp,statistics_s4,17,category-statistics-s4-mlp-seed17,embedding,algebra_a4,314159,category-algebra-a4-mlp-seed314159,4096,0.7744203641355302
disjoint_condition_cross_seed,mlp,statistics_s4,17,category-statistics-s4-mlp-seed17,block_01,algebra_a4,314159,category-algebra-a4-mlp-seed314159,4096,0.3621596125887991
disjoint_condition_cross_seed,mlp,statistics_s4,17,category-statistics-s4-mlp-seed17,final_norm,algebra_a4,314159,category-algebra-a4-mlp-seed314159,4096,0.174879620844766
disjoint_condition_cross_seed,mlp,statistics_s4,42,category-statistics-s4-mlp-seed42,embedding,algebra_a4,17,category-algebra-a4-mlp-seed17,4096,0.6766587981987703
disjoint_condition_cross_seed,mlp,statistics_s4,42,category-statistics-s4-mlp-seed42,block_01,algebra_a4,17,category-algebra-a4-mlp-seed17,4096,0.23945627061837266
disjoint_condition_cross_seed,mlp,statistics_s4,42,category-statistics-s4-mlp-seed42,final_norm,algebra_a4,17,category-algebra-a4-mlp-seed17,4096,0.2131575219837236
disjoint_condition_cross_seed,mlp,statistics_s4,42,category-statistics-s4-mlp-seed42,embedding,algebra_a4,314159,category-algebra-a4-mlp-seed314159,4096,0.7555472732121016
disjoint_condition_cross_seed,mlp,statistics_s4,42,category-statistics-s4-mlp-seed42,block_01,algebra_a4,314159,category-algebra-a4-mlp-seed314159,4096,0.3190809797139092
disjoint_condition_cross_seed,mlp,statistics_s4,42,category-statistics-s4-mlp-seed42,final_norm,algebra_a4,314159,category-algebra-a4-mlp-seed314159,4096,0.14354024500940812
disjoint_condition_cross_seed,mlp,statistics_s4,314159,category-statistics-s4-mlp-seed314159,embedding,algebra_a4,17,category-algebra-a4-mlp-seed17,4096,0.6710656253314677
disjoint_condition_cross_seed,mlp,statistics_s4,314159,category-statistics-s4-mlp-seed314159,block_01,algebra_a4,17,category-algebra-a4-mlp-seed17,4096,0.17059617865004617
disjoint_condition_cross_seed,mlp,statistics_s4,314159,category-statistics-s4-mlp-seed314159,final_norm,algebra_a4,17,category-algebra-a4-mlp-seed17,4096,0.1950953014960379
disjoint_condition_cross_seed,mlp,statistics_s4,314159,category-statistics-s4-mlp-seed314159,embedding,algebra_a4,42,category-algebra-a4-mlp-seed42,4096,0.682541509414841
disjoint_condition_cross_seed,mlp,statistics_s4,314159,category-statistics-s4-mlp-seed314159,block_01,algebra_a4,42,category-algebra-a4-mlp-seed42,4096,0.18305413924047995
disjoint_condition_cross_seed,mlp,statistics_s4,314159,category-statistics-s4-mlp-seed314159,final_norm,algebra_a4,42,category-algebra-a4-mlp-seed42,4096,0.1492687205606696
within_condition_cross_seed,transformer,encoding_e4,17,category-encoding-e4-transformer-seed17,embedding,encoding_e4,42,category-encoding-e4-transformer-seed42,4096,0.9080606433878173
within_condition_cross_seed,transformer,encoding_e4,17,category-encoding-e4-transformer-seed17,block_01,encoding_e4,42,category-encoding-e4-transformer-seed42,4096,0.8869446220933052
within_condition_cross_seed,transformer,encoding_e4,17,category-encoding-e4-transformer-seed17,block_02,encoding_e4,42,category-encoding-e4-transformer-seed42,4096,0.8613464495615122
within_condition_cross_seed,transformer,encoding_e4,17,category-encoding-e4-transformer-seed17,block_03,encoding_e4,42,category-encoding-e4-transformer-seed42,4096,0.8635231183984845
within_condition_cross_seed,transformer,encoding_e4,17,category-encoding-e4-transformer-seed17,block_04,encoding_e4,42,category-encoding-e4-transformer-seed42,4096,0.6512516755536604
within_condition_cross_seed,transformer,encoding_e4,17,category-encoding-e4-transformer-seed17,final_norm,encoding_e4,42,category-encoding-e4-transformer-seed42,4096,0.6798990521613733
within_condition_cross_seed,transformer,encoding_e4,17,category-encoding-e4-transformer-seed17,embedding,encoding_e4,314159,category-encoding-e4-transformer-seed314159,4096,0.9222358308214258
within_condition_cross_seed,transformer,encoding_e4,17,category-encoding-e4-transformer-seed17,block_01,encoding_e4,314159,category-encoding-e4-transformer-seed314159,4096,0.8742472064080468
within_condition_cross_seed,transformer,encoding_e4,17,category-encoding-e4-transformer-seed17,block_02,encoding_e4,314159,category-encoding-e4-transformer-seed314159,4096,0.8294592978690108
within_condition_cross_seed,transformer,encoding_e4,17,category-encoding-e4-transformer-seed17,block_03,encoding_e4,314159,category-encoding-e4-transformer-seed314159,4096,0.8011316537311274
within_condition_cross_seed,transformer,encoding_e4,17,category-encoding-e4-transformer-seed17,block_04,encoding_e4,314159,category-encoding-e4-transformer-seed314159,4096,0.5724245054484373
within_condition_cross_seed,transformer,encoding_e4,17,category-encoding-e4-transformer-seed17,final_norm,encoding_e4,314159,category-encoding-e4-transformer-seed314159,4096,0.5907176331365676
within_condition_cross_seed,transformer,encoding_e4,42,category-encoding-e4-transformer-seed42,embedding,encoding_e4,314159,category-encoding-e4-transformer-seed314159,4096,0.9485453009347786
within_condition_cross_seed,transformer,encoding_e4,42,category-encoding-e4-transformer-seed42,block_01,encoding_e4,314159,category-encoding-e4-transformer-seed314159,4096,0.8531437402553764
within_condition_cross_seed,transformer,encoding_e4,42,category-encoding-e4-transformer-seed42,block_02,encoding_e4,314159,category-encoding-e4-transformer-seed314159,4096,0.7706839832979047
within_condition_cross_seed,transformer,encoding_e4,42,category-encoding-e4-transformer-seed42,block_03,encoding_e4,314159,category-encoding-e4-transformer-seed314159,4096,0.785236417764704
within_condition_cross_seed,transformer,encoding_e4,42,category-encoding-e4-transformer-seed42,block_04,encoding_e4,314159,category-encoding-e4-transformer-seed314159,4096,0.538050345958452
within_condition_cross_seed,transformer,encoding_e4,42,category-encoding-e4-transformer-seed42,final_norm,encoding_e4,314159,category-encoding-e4-transformer-seed314159,4096,0.5453583487181057
within_condition_cross_seed,transformer,statistics_s4,17,category-statistics-s4-transformer-seed17,embedding,statistics_s4,42,category-statistics-s4-transformer-seed42,4096,0.942729004496103
within_condition_cross_seed,transformer,statistics_s4,17,category-statistics-s4-transformer-seed17,block_01,statistics_s4,42,category-statistics-s4-transformer-seed42,4096,0.7096635540993602
within_condition_cross_seed,transformer,statistics_s4,17,category-statistics-s4-transformer-seed17,block_02,statistics_s4,42,category-statistics-s4-transformer-seed42,4096,0.6106588444526951
within_condition_cross_seed,transformer,statistics_s4,17,category-statistics-s4-transformer-seed17,block_03,statistics_s4,42,category-statistics-s4-transformer-seed42,4096,0.5617148085032494
within_condition_cross_seed,transformer,statistics_s4,17,category-statistics-s4-transformer-seed17,block_04,statistics_s4,42,category-statistics-s4-transformer-seed42,4096,0.36519252142370623
within_condition_cross_seed,transformer,statistics_s4,17,category-statistics-s4-transformer-seed17,final_norm,statistics_s4,42,category-statistics-s4-transformer-seed42,4096,0.3405355657713272
within_condition_cross_seed,transformer,statistics_s4,17,category-statistics-s4-transformer-seed17,embedding,statistics_s4,314159,category-statistics-s4-transformer-seed314159,4096,0.9682632369005205
within_condition_cross_seed,transformer,statistics_s4,17,category-statistics-s4-transformer-seed17,block_01,statistics_s4,314159,category-statistics-s4-transformer-seed314159,4096,0.7167335691811282
within_condition_cross_seed,transformer,statistics_s4,17,category-statistics-s4-transformer-seed17,block_02,statistics_s4,314159,category-statistics-s4-transformer-seed314159,4096,0.693077459306549
within_condition_cross_seed,transformer,statistics_s4,17,category-statistics-s4-transformer-seed17,block_03,statistics_s4,314159,category-statistics-s4-transformer-seed314159,4096,0.5673324174341042
within_condition_cross_seed,transformer,statistics_s4,17,category-statistics-s4-transformer-seed17,block_04,statistics_s4,314159,category-statistics-s4-transformer-seed314159,4096,0.3143558510867096
within_condition_cross_seed,transformer,statistics_s4,17,category-statistics-s4-transformer-seed17,final_norm,statistics_s4,314159,category-statistics-s4-transformer-seed314159,4096,0.38133559072441175
within_condition_cross_seed,transformer,statistics_s4,42,category-statistics-s4-transformer-seed42,embedding,statistics_s4,314159,category-statistics-s4-transformer-seed314159,4096,0.9489666996346784
within_condition_cross_seed,transformer,statistics_s4,42,category-statistics-s4-transformer-seed42,block_01,statistics_s4,314159,category-statistics-s4-transformer-seed314159,4096,0.7456574464967339
within_condition_cross_seed,transformer,statistics_s4,42,category-statistics-s4-transformer-seed42,block_02,statistics_s4,314159,category-statistics-s4-transformer-seed314159,4096,0.7495082875420741
within_condition_cross_seed,transformer,statistics_s4,42,category-statistics-s4-transformer-seed42,block_03,statistics_s4,314159,category-statistics-s4-transformer-seed314159,4096,0.6556411957970727
within_condition_cross_seed,transformer,statistics_s4,42,category-statistics-s4-transformer-seed42,block_04,statistics_s4,314159,category-statistics-s4-transformer-seed314159,4096,0.5015797600796109
within_condition_cross_seed,transformer,statistics_s4,42,category-statistics-s4-transformer-seed42,final_norm,statistics_s4,314159,category-statistics-s4-transformer-seed314159,4096,0.5258942315634118
within_condition_cross_seed,transformer,algebra_a4,17,category-algebra-a4-transformer-seed17,embedding,algebra_a4,42,category-algebra-a4-transformer-seed42,4096,0.8892962150678516
within_condition_cross_seed,transformer,algebra_a4,17,category-algebra-a4-transformer-seed17,block_01,algebra_a4,42,category-algebra-a4-transformer-seed42,4096,0.7020543620877904
within_condition_cross_seed,transformer,algebra_a4,17,category-algebra-a4-transformer-seed17,block_02,algebra_a4,42,category-algebra-a4-transformer-seed42,4096,0.6305486711226761
within_condition_cross_seed,transformer,algebra_a4,17,category-algebra-a4-transformer-seed17,block_03,algebra_a4,42,category-algebra-a4-transformer-seed42,4096,0.6854059526641209
within_condition_cross_seed,transformer,algebra_a4,17,category-algebra-a4-transformer-seed17,block_04,algebra_a4,42,category-algebra-a4-transformer-seed42,4096,0.6123895470590566
within_condition_cross_seed,transformer,algebra_a4,17,category-algebra-a4-transformer-seed17,final_norm,algebra_a4,42,category-algebra-a4-transformer-seed42,4096,0.6070686087590508
within_condition_cross_seed,transformer,algebra_a4,17,category-algebra-a4-transformer-seed17,embedding,algebra_a4,314159,category-algebra-a4-transformer-seed314159,4096,0.9010695785810704
within_condition_cross_seed,transformer,algebra_a4,17,category-algebra-a4-transformer-seed17,block_01,algebra_a4,314159,category-algebra-a4-transformer-seed314159,4096,0.6183249609278169
within_condition_cross_seed,transformer,algebra_a4,17,category-algebra-a4-transformer-seed17,block_02,algebra_a4,314159,category-algebra-a4-transformer-seed314159,4096,0.7651316149167363
within_condition_cross_seed,transformer,algebra_a4,17,category-algebra-a4-transformer-seed17,block_03,algebra_a4,314159,category-algebra-a4-transformer-seed314159,4096,0.8677823888234824
within_condition_cross_seed,transformer,algebra_a4,17,category-algebra-a4-transformer-seed17,block_04,algebra_a4,314159,category-algebra-a4-transformer-seed314159,4096,0.5726347989224942
within_condition_cross_seed,transformer,algebra_a4,17,category-algebra-a4-transformer-seed17,final_norm,algebra_a4,314159,category-algebra-a4-transformer-seed314159,4096,0.6243367748793006
within_condition_cross_seed,transformer,algebra_a4,42,category-algebra-a4-transformer-seed42,embedding,algebra_a4,314159,category-algebra-a4-transformer-seed314159,4096,0.9426829908690936
within_condition_cross_seed,transformer,algebra_a4,42,category-algebra-a4-transformer-seed42,block_01,algebra_a4,314159,category-algebra-a4-transformer-seed314159,4096,0.8969200865428972
within_condition_cross_seed,transformer,algebra_a4,42,category-algebra-a4-transformer-seed42,block_02,algebra_a4,314159,category-algebra-a4-transformer-seed314159,4096,0.8981760706838328
within_condition_cross_seed,transformer,algebra_a4,42,category-algebra-a4-transformer-seed42,block_03,algebra_a4,314159,category-algebra-a4-transformer-seed314159,4096,0.8712074229951895
within_condition_cross_seed,transformer,algebra_a4,42,category-algebra-a4-transformer-seed42,block_04,algebra_a4,314159,category-algebra-a4-transformer-seed314159,4096,0.668038693966644
within_condition_cross_seed,transformer,algebra_a4,42,category-algebra-a4-transformer-seed42,final_norm,algebra_a4,314159,category-algebra-a4-transformer-seed314159,4096,0.7056748443360983
disjoint_condition_same_seed,transformer,encoding_e4,17,category-encoding-e4-transformer-seed17,embedding,statistics_s4,17,category-statistics-s4-transformer-seed17,4096,0.8102288576569169
disjoint_condition_same_seed,transformer,encoding_e4,17,category-encoding-e4-transformer-seed17,block_01,statistics_s4,17,category-statistics-s4-transformer-seed17,4096,0.36489550764454864
disjoint_condition_same_seed,transformer,encoding_e4,17,category-encoding-e4-transformer-seed17,block_02,statistics_s4,17,category-statistics-s4-transformer-seed17,4096,0.34969360673468775
disjoint_condition_same_seed,transformer,encoding_e4,17,category-encoding-e4-transformer-seed17,block_03,statistics_s4,17,category-statistics-s4-transformer-seed17,4096,0.28337529308950404
disjoint_condition_same_seed,transformer,encoding_e4,17,category-encoding-e4-transformer-seed17,block_04,statistics_s4,17,category-statistics-s4-transformer-seed17,4096,0.1716996899758537
disjoint_condition_same_seed,transformer,encoding_e4,17,category-encoding-e4-transformer-seed17,final_norm,statistics_s4,17,category-statistics-s4-transformer-seed17,4096,0.19588406121769067
disjoint_condition_same_seed,transformer,encoding_e4,42,category-encoding-e4-transformer-seed42,embedding,statistics_s4,42,category-statistics-s4-transformer-seed42,4096,0.884656448832251
disjoint_condition_same_seed,transformer,encoding_e4,42,category-encoding-e4-transformer-seed42,block_01,statistics_s4,42,category-statistics-s4-transformer-seed42,4096,0.43786779641832113
disjoint_condition_same_seed,transformer,encoding_e4,42,category-encoding-e4-transformer-seed42,block_02,statistics_s4,42,category-statistics-s4-transformer-seed42,4096,0.4513923945044544
disjoint_condition_same_seed,transformer,encoding_e4,42,category-encoding-e4-transformer-seed42,block_03,statistics_s4,42,category-statistics-s4-transformer-seed42,4096,0.3912846839126132
disjoint_condition_same_seed,transformer,encoding_e4,42,category-encoding-e4-transformer-seed42,block_04,statistics_s4,42,category-statistics-s4-transformer-seed42,4096,0.2220944455548398
disjoint_condition_same_seed,transformer,encoding_e4,42,category-encoding-e4-transformer-seed42,final_norm,statistics_s4,42,category-statistics-s4-transformer-seed42,4096,0.22990712268736818
disjoint_condition_same_seed,transformer,encoding_e4,314159,category-encoding-e4-transformer-seed314159,embedding,statistics_s4,314159,category-statistics-s4-transformer-seed314159,4096,0.7929263486498279
disjoint_condition_same_seed,transformer,encoding_e4,314159,category-encoding-e4-transformer-seed314159,block_01,statistics_s4,314159,category-statistics-s4-transformer-seed314159,4096,0.4581410318224789
disjoint_condition_same_seed,transformer,encoding_e4,314159,category-encoding-e4-transformer-seed314159,block_02,statistics_s4,314159,category-statistics-s4-transformer-seed314159,4096,0.40837609086588267
disjoint_condition_same_seed,transformer,encoding_e4,314159,category-encoding-e4-transformer-seed314159,block_03,statistics_s4,314159,category-statistics-s4-transformer-seed314159,4096,0.3258220911003584
disjoint_condition_same_seed,transformer,encoding_e4,314159,category-encoding-e4-transformer-seed314159,block_04,statistics_s4,314159,category-statistics-s4-transformer-seed314159,4096,0.23221370831626637
disjoint_condition_same_seed,transformer,encoding_e4,314159,category-encoding-e4-transformer-seed314159,final_norm,statistics_s4,314159,category-statistics-s4-transformer-seed314159,4096,0.2566728768749172
disjoint_condition_cross_seed,transformer,encoding_e4,17,category-encoding-e4-transformer-seed17,embedding,statistics_s4,42,category-statistics-s4-transformer-seed42,4096,0.8549453703277337
disjoint_condition_cross_seed,transformer,encoding_e4,17,category-encoding-e4-transformer-seed17,block_01,statistics_s4,42,category-statistics-s4-transformer-seed42,4096,0.33902550893731187
disjoint_condition_cross_seed,transformer,encoding_e4,17,category-encoding-e4-transformer-seed17,block_02,statistics_s4,42,category-statistics-s4-transformer-seed42,4096,0.4338129382681088
disjoint_condition_cross_seed,transformer,encoding_e4,17,category-encoding-e4-transformer-seed17,block_03,statistics_s4,42,category-statistics-s4-transformer-seed42,4096,0.36082384341668783
disjoint_condition_cross_seed,transformer,encoding_e4,17,category-encoding-e4-transformer-seed17,block_04,statistics_s4,42,category-statistics-s4-transformer-seed42,4096,0.23002540723965356
disjoint_condition_cross_seed,transformer,encoding_e4,17,category-encoding-e4-transformer-seed17,final_norm,statistics_s4,42,category-statistics-s4-transformer-seed42,4096,0.22602034302342222
disjoint_condition_cross_seed,transformer,encoding_e4,17,category-encoding-e4-transformer-seed17,embedding,statistics_s4,314159,category-statistics-s4-transformer-seed314159,4096,0.7998218206188696
disjoint_condition_cross_seed,transformer,encoding_e4,17,category-encoding-e4-transformer-seed17,block_01,statistics_s4,314159,category-statistics-s4-transformer-seed314159,4096,0.4107525627479402
disjoint_condition_cross_seed,transformer,encoding_e4,17,category-encoding-e4-transformer-seed17,block_02,statistics_s4,314159,category-statistics-s4-transformer-seed314159,4096,0.41416800370368456
disjoint_condition_cross_seed,transformer,encoding_e4,17,category-encoding-e4-transformer-seed17,block_03,statistics_s4,314159,category-statistics-s4-transformer-seed314159,4096,0.3668675456676923
disjoint_condition_cross_seed,transformer,encoding_e4,17,category-encoding-e4-transformer-seed17,block_04,statistics_s4,314159,category-statistics-s4-transformer-seed314159,4096,0.2976708460370406
disjoint_condition_cross_seed,transformer,encoding_e4,17,category-encoding-e4-transformer-seed17,final_norm,statistics_s4,314159,category-statistics-s4-transformer-seed314159,4096,0.2961544338135707
disjoint_condition_cross_seed,transformer,encoding_e4,42,category-encoding-e4-transformer-seed42,embedding,statistics_s4,17,category-statistics-s4-transformer-seed17,4096,0.8316600162205128
disjoint_condition_cross_seed,transformer,encoding_e4,42,category-encoding-e4-transformer-seed42,block_01,statistics_s4,17,category-statistics-s4-transformer-seed17,4096,0.4785136341249114
disjoint_condition_cross_seed,transformer,encoding_e4,42,category-encoding-e4-transformer-seed42,block_02,statistics_s4,17,category-statistics-s4-transformer-seed17,4096,0.3724478556859606
disjoint_condition_cross_seed,transformer,encoding_e4,42,category-encoding-e4-transformer-seed42,block_03,statistics_s4,17,category-statistics-s4-transformer-seed17,4096,0.3290243909141915
disjoint_condition_cross_seed,transformer,encoding_e4,42,category-encoding-e4-transformer-seed42,block_04,statistics_s4,17,category-statistics-s4-transformer-seed17,4096,0.16923320553136628
disjoint_condition_cross_seed,transformer,encoding_e4,42,category-encoding-e4-transformer-seed42,final_norm,statistics_s4,17,category-statistics-s4-transformer-seed17,4096,0.19312074076265184
disjoint_condition_cross_seed,transformer,encoding_e4,42,category-encoding-e4-transformer-seed42,embedding,statistics_s4,314159,category-statistics-s4-transformer-seed314159,4096,0.8285289315487121
disjoint_condition_cross_seed,transformer,encoding_e4,42,category-encoding-e4-transformer-seed42,block_01,statistics_s4,314159,category-statistics-s4-transformer-seed314159,4096,0.5442080328957426
disjoint_condition_cross_seed,transformer,encoding_e4,42,category-encoding-e4-transformer-seed42,block_02,statistics_s4,314159,category-statistics-s4-transformer-seed314159,4096,0.46537074975862847
disjoint_condition_cross_seed,transformer,encoding_e4,42,category-encoding-e4-transformer-seed42,block_03,statistics_s4,314159,category-statistics-s4-transformer-seed314159,4096,0.41615726381506574
disjoint_condition_cross_seed,transformer,encoding_e4,42,category-encoding-e4-transformer-seed42,block_04,statistics_s4,314159,category-statistics-s4-transformer-seed314159,4096,0.3136844276828411
disjoint_condition_cross_seed,transformer,encoding_e4,42,category-encoding-e4-transformer-seed42,final_norm,statistics_s4,314159,category-statistics-s4-transformer-seed314159,4096,0.31861530195462967
disjoint_condition_cross_seed,transformer,encoding_e4,314159,category-encoding-e4-transformer-seed314159,embedding,statistics_s4,17,category-statistics-s4-transformer-seed17,4096,0.7895460762853524
disjoint_condition_cross_seed,transformer,encoding_e4,314159,category-encoding-e4-transformer-seed314159,block_01,statistics_s4,17,category-statistics-s4-transformer-seed17,4096,0.3776355605089996
disjoint_condition_cross_seed,transformer,encoding_e4,314159,category-encoding-e4-transformer-seed314159,block_02,statistics_s4,17,category-statistics-s4-transformer-seed17,4096,0.31473888213425816
disjoint_condition_cross_seed,transformer,encoding_e4,314159,category-encoding-e4-transformer-seed314159,block_03,statistics_s4,17,category-statistics-s4-transformer-seed17,4096,0.2747865540252143
disjoint_condition_cross_seed,transformer,encoding_e4,314159,category-encoding-e4-transformer-seed314159,block_04,statistics_s4,17,category-statistics-s4-transformer-seed17,4096,0.1318858207562178
disjoint_condition_cross_seed,transformer,encoding_e4,314159,category-encoding-e4-transformer-seed314159,final_norm,statistics_s4,17,category-statistics-s4-transformer-seed17,4096,0.149898166034247
disjoint_condition_cross_seed,transformer,encoding_e4,314159,category-encoding-e4-transformer-seed314159,embedding,statistics_s4,42,category-statistics-s4-transformer-seed42,4096,0.8628467077195042
disjoint_condition_cross_seed,transformer,encoding_e4,314159,category-encoding-e4-transformer-seed314159,block_01,statistics_s4,42,category-statistics-s4-transformer-seed42,4096,0.35961527515967057
disjoint_condition_cross_seed,transformer,encoding_e4,314159,category-encoding-e4-transformer-seed314159,block_02,statistics_s4,42,category-statistics-s4-transformer-seed42,4096,0.3874922452997849
disjoint_condition_cross_seed,transformer,encoding_e4,314159,category-encoding-e4-transformer-seed314159,block_03,statistics_s4,42,category-statistics-s4-transformer-seed42,4096,0.319325633195295
disjoint_condition_cross_seed,transformer,encoding_e4,314159,category-encoding-e4-transformer-seed314159,block_04,statistics_s4,42,category-statistics-s4-transformer-seed42,4096,0.15818456868443126
disjoint_condition_cross_seed,transformer,encoding_e4,314159,category-encoding-e4-transformer-seed314159,final_norm,statistics_s4,42,category-statistics-s4-transformer-seed42,4096,0.16270812127493914
disjoint_condition_same_seed,transformer,encoding_e4,17,category-encoding-e4-transformer-seed17,embedding,algebra_a4,17,category-algebra-a4-transformer-seed17,4096,0.885416510484377
disjoint_condition_same_seed,transformer,encoding_e4,17,category-encoding-e4-transformer-seed17,block_01,algebra_a4,17,category-algebra-a4-transformer-seed17,4096,0.563472537956298
disjoint_condition_same_seed,transformer,encoding_e4,17,category-encoding-e4-transformer-seed17,block_02,algebra_a4,17,category-algebra-a4-transformer-seed17,4096,0.48001631044267196
disjoint_condition_same_seed,transformer,encoding_e4,17,category-encoding-e4-transformer-seed17,block_03,algebra_a4,17,category-algebra-a4-transformer-seed17,4096,0.4884548744317504
disjoint_condition_same_seed,transformer,encoding_e4,17,category-encoding-e4-transformer-seed17,block_04,algebra_a4,17,category-algebra-a4-transformer-seed17,4096,0.44736652868218096
disjoint_condition_same_seed,transformer,encoding_e4,17,category-encoding-e4-transformer-seed17,final_norm,algebra_a4,17,category-algebra-a4-transformer-seed17,4096,0.4398042800192217
disjoint_condition_same_seed,transformer,encoding_e4,42,category-encoding-e4-transformer-seed42,embedding,algebra_a4,42,category-algebra-a4-transformer-seed42,4096,0.8745737193997201
disjoint_condition_same_seed,transformer,encoding_e4,42,category-encoding-e4-transformer-seed42,block_01,algebra_a4,42,category-algebra-a4-transformer-seed42,4096,0.5982976990289404
disjoint_condition_same_seed,transformer,encoding_e4,42,category-encoding-e4-transformer-seed42,block_02,algebra_a4,42,category-algebra-a4-transformer-seed42,4096,0.5376593100016868
disjoint_condition_same_seed,transformer,encoding_e4,42,category-encoding-e4-transformer-seed42,block_03,algebra_a4,42,category-algebra-a4-transformer-seed42,4096,0.5252063016683282
disjoint_condition_same_seed,transformer,encoding_e4,42,category-encoding-e4-transformer-seed42,block_04,algebra_a4,42,category-algebra-a4-transformer-seed42,4096,0.4673940220513896
disjoint_condition_same_seed,transformer,encoding_e4,42,category-encoding-e4-transformer-seed42,final_norm,algebra_a4,42,category-algebra-a4-transformer-seed42,4096,0.5059286548245788
disjoint_condition_same_seed,transformer,encoding_e4,314159,category-encoding-e4-transformer-seed314159,embedding,algebra_a4,314159,category-algebra-a4-transformer-seed314159,4096,0.9030526491395949
disjoint_condition_same_seed,transformer,encoding_e4,314159,category-encoding-e4-transformer-seed314159,block_01,algebra_a4,314159,category-algebra-a4-transformer-seed314159,4096,0.4677328116055015
disjoint_condition_same_seed,transformer,encoding_e4,314159,category-encoding-e4-transformer-seed314159,block_02,algebra_a4,314159,category-algebra-a4-transformer-seed314159,4096,0.44079417505730034
disjoint_condition_same_seed,transformer,encoding_e4,314159,category-encoding-e4-transformer-seed314159,block_03,algebra_a4,314159,category-algebra-a4-transformer-seed314159,4096,0.41934676827658385
disjoint_condition_same_seed,transformer,encoding_e4,314159,category-encoding-e4-transformer-seed314159,block_04,algebra_a4,314159,category-algebra-a4-transformer-seed314159,4096,0.27681353059234426
disjoint_condition_same_seed,transformer,encoding_e4,314159,category-encoding-e4-transformer-seed314159,final_norm,algebra_a4,314159,category-algebra-a4-transformer-seed314159,4096,0.31690483478697207
disjoint_condition_cross_seed,transformer,encoding_e4,17,category-encoding-e4-transformer-seed17,embedding,algebra_a4,42,category-algebra-a4-transformer-seed42,4096,0.9012638743263951
disjoint_condition_cross_seed,transformer,encoding_e4,17,category-encoding-e4-transformer-seed17,block_01,algebra_a4,42,category-algebra-a4-transformer-seed42,4096,0.524457794458874
disjoint_condition_cross_seed,transformer,encoding_e4,17,category-encoding-e4-transformer-seed17,block_02,algebra_a4,42,category-algebra-a4-transformer-seed42,4096,0.5382101526916883
disjoint_condition_cross_seed,transformer,encoding_e4,17,category-encoding-e4-transformer-seed17,block_03,algebra_a4,42,category-algebra-a4-transformer-seed42,4096,0.4772459814149989
disjoint_condition_cross_seed,transformer,encoding_e4,17,category-encoding-e4-transformer-seed17,block_04,algebra_a4,42,category-algebra-a4-transformer-seed42,4096,0.469017675473533
disjoint_condition_cross_seed,transformer,encoding_e4,17,category-encoding-e4-transformer-seed17,final_norm,algebra_a4,42,category-algebra-a4-transformer-seed42,4096,0.49852596889677303
disjoint_condition_cross_seed,transformer,encoding_e4,17,category-encoding-e4-transformer-seed17,embedding,algebra_a4,314159,category-algebra-a4-transformer-seed314159,4096,0.8870287218029812
disjoint_condition_cross_seed,transformer,encoding_e4,17,category-encoding-e4-transformer-seed17,block_01,algebra_a4,314159,category-algebra-a4-transformer-seed314159,4096,0.4063720592732283
disjoint_condition_cross_seed,transformer,encoding_e4,17,category-encoding-e4-transformer-seed17,block_02,algebra_a4,314159,category-algebra-a4-transformer-seed314159,4096,0.39530003481106996
disjoint_condition_cross_seed,transformer,encoding_e4,17,category-encoding-e4-transformer-seed17,block_03,algebra_a4,314159,category-algebra-a4-transformer-seed314159,4096,0.42254021258295515
disjoint_condition_cross_seed,transformer,encoding_e4,17,category-encoding-e4-transformer-seed17,block_04,algebra_a4,314159,category-algebra-a4-transformer-seed314159,4096,0.3297709031475219
disjoint_condition_cross_seed,transformer,encoding_e4,17,category-encoding-e4-transformer-seed17,final_norm,algebra_a4,314159,category-algebra-a4-transformer-seed314159,4096,0.37916969975488646
disjoint_condition_cross_seed,transformer,encoding_e4,42,category-encoding-e4-transformer-seed42,embedding,algebra_a4,17,category-algebra-a4-transformer-seed17,4096,0.819787526204694
disjoint_condition_cross_seed,transformer,encoding_e4,42,category-encoding-e4-transformer-seed42,block_01,algebra_a4,17,category-algebra-a4-transformer-seed17,4096,0.5791615284226708
disjoint_condition_cross_seed,transformer,encoding_e4,42,category-encoding-e4-transformer-seed42,block_02,algebra_a4,17,category-algebra-a4-transformer-seed17,4096,0.4207859581945892
disjoint_condition_cross_seed,transformer,encoding_e4,42,category-encoding-e4-transformer-seed42,block_03,algebra_a4,17,category-algebra-a4-transformer-seed17,4096,0.5140065559101142
disjoint_condition_cross_seed,transformer,encoding_e4,42,category-encoding-e4-transformer-seed42,block_04,algebra_a4,17,category-algebra-a4-transformer-seed17,4096,0.4093372169610639
disjoint_condition_cross_seed,transformer,encoding_e4,42,category-encoding-e4-transformer-seed42,final_norm,algebra_a4,17,category-algebra-a4-transformer-seed17,4096,0.4399064432085244
disjoint_condition_cross_seed,transformer,encoding_e4,42,category-encoding-e4-transformer-seed42,embedding,algebra_a4,314159,category-algebra-a4-transformer-seed314159,4096,0.8795990010875898
disjoint_condition_cross_seed,transformer,encoding_e4,42,category-encoding-e4-transformer-seed42,block_01,algebra_a4,314159,category-algebra-a4-transformer-seed314159,4096,0.49425546157266187
disjoint_condition_cross_seed,transformer,encoding_e4,42,category-encoding-e4-transformer-seed42,block_02,algebra_a4,314159,category-algebra-a4-transformer-seed314159,4096,0.3837890240603719
disjoint_condition_cross_seed,transformer,encoding_e4,42,category-encoding-e4-transformer-seed42,block_03,algebra_a4,314159,category-algebra-a4-transformer-seed314159,4096,0.48814080444575486
disjoint_condition_cross_seed,transformer,encoding_e4,42,category-encoding-e4-transformer-seed42,block_04,algebra_a4,314159,category-algebra-a4-transformer-seed314159,4096,0.3398759872003274
disjoint_condition_cross_seed,transformer,encoding_e4,42,category-encoding-e4-transformer-seed42,final_norm,algebra_a4,314159,category-algebra-a4-transformer-seed314159,4096,0.4086503002960936
disjoint_condition_cross_seed,transformer,encoding_e4,314159,category-encoding-e4-transformer-seed314159,embedding,algebra_a4,17,category-algebra-a4-transformer-seed17,4096,0.8787910284759386
disjoint_condition_cross_seed,transformer,encoding_e4,314159,category-encoding-e4-transformer-seed314159,block_01,algebra_a4,17,category-algebra-a4-transformer-seed17,4096,0.5931616144965599
disjoint_condition_cross_seed,transformer,encoding_e4,314159,category-encoding-e4-transformer-seed314159,block_02,algebra_a4,17,category-algebra-a4-transformer-seed17,4096,0.5350878931929284
disjoint_condition_cross_seed,transformer,encoding_e4,314159,category-encoding-e4-transformer-seed314159,block_03,algebra_a4,17,category-algebra-a4-transformer-seed17,4096,0.4940170149456975
disjoint_condition_cross_seed,transformer,encoding_e4,314159,category-encoding-e4-transformer-seed314159,block_04,algebra_a4,17,category-algebra-a4-transformer-seed17,4096,0.3883291380759701
disjoint_condition_cross_seed,transformer,encoding_e4,314159,category-encoding-e4-transformer-seed314159,final_norm,algebra_a4,17,category-algebra-a4-transformer-seed17,4096,0.4134514275831827
disjoint_condition_cross_seed,transformer,encoding_e4,314159,category-encoding-e4-transformer-seed314159,embedding,algebra_a4,42,category-algebra-a4-transformer-seed42,4096,0.9007423866966966
disjoint_condition_cross_seed,transformer,encoding_e4,314159,category-encoding-e4-transformer-seed314159,block_01,algebra_a4,42,category-algebra-a4-transformer-seed42,4096,0.5824211853146158
disjoint_condition_cross_seed,transformer,encoding_e4,314159,category-encoding-e4-transformer-seed314159,block_02,algebra_a4,42,category-algebra-a4-transformer-seed42,4096,0.546694510539205
disjoint_condition_cross_seed,transformer,encoding_e4,314159,category-encoding-e4-transformer-seed314159,block_03,algebra_a4,42,category-algebra-a4-transformer-seed42,4096,0.4410129687068638
disjoint_condition_cross_seed,transformer,encoding_e4,314159,category-encoding-e4-transformer-seed314159,block_04,algebra_a4,42,category-algebra-a4-transformer-seed42,4096,0.37384871606566383
disjoint_condition_cross_seed,transformer,encoding_e4,314159,category-encoding-e4-transformer-seed314159,final_norm,algebra_a4,42,category-algebra-a4-transformer-seed42,4096,0.3971608257731582
disjoint_condition_same_seed,transformer,statistics_s4,17,category-statistics-s4-transformer-seed17,embedding,algebra_a4,17,category-algebra-a4-transformer-seed17,4096,0.7014280595889365
disjoint_condition_same_seed,transformer,statistics_s4,17,category-statistics-s4-transformer-seed17,block_01,algebra_a4,17,category-algebra-a4-transformer-seed17,4096,0.4768702416373464
disjoint_condition_same_seed,transformer,statistics_s4,17,category-statistics-s4-transformer-seed17,block_02,algebra_a4,17,category-algebra-a4-transformer-seed17,4096,0.5382472143863063
disjoint_condition_same_seed,transformer,statistics_s4,17,category-statistics-s4-transformer-seed17,block_03,algebra_a4,17,category-algebra-a4-transformer-seed17,4096,0.4622561224948594
disjoint_condition_same_seed,transformer,statistics_s4,17,category-statistics-s4-transformer-seed17,block_04,algebra_a4,17,category-algebra-a4-transformer-seed17,4096,0.29845575307031824
disjoint_condition_same_seed,transformer,statistics_s4,17,category-statistics-s4-transformer-seed17,final_norm,algebra_a4,17,category-algebra-a4-transformer-seed17,4096,0.3098138125725974
disjoint_condition_same_seed,transformer,statistics_s4,42,category-statistics-s4-transformer-seed42,embedding,algebra_a4,42,category-algebra-a4-transformer-seed42,4096,0.8703912224527041
disjoint_condition_same_seed,transformer,statistics_s4,42,category-statistics-s4-transformer-seed42,block_01,algebra_a4,42,category-algebra-a4-transformer-seed42,4096,0.5305155087617566
disjoint_condition_same_seed,transformer,statistics_s4,42,category-statistics-s4-transformer-seed42,block_02,algebra_a4,42,category-algebra-a4-transformer-seed42,4096,0.4871552577615974
disjoint_condition_same_seed,transformer,statistics_s4,42,category-statistics-s4-transformer-seed42,block_03,algebra_a4,42,category-algebra-a4-transformer-seed42,4096,0.3660618388896298
disjoint_condition_same_seed,transformer,statistics_s4,42,category-statistics-s4-transformer-seed42,block_04,algebra_a4,42,category-algebra-a4-transformer-seed42,4096,0.28118913884078467
disjoint_condition_same_seed,transformer,statistics_s4,42,category-statistics-s4-transformer-seed42,final_norm,algebra_a4,42,category-algebra-a4-transformer-seed42,4096,0.27668537529207227
disjoint_condition_same_seed,transformer,statistics_s4,314159,category-statistics-s4-transformer-seed314159,embedding,algebra_a4,314159,category-algebra-a4-transformer-seed314159,4096,0.7976988686967527
disjoint_condition_same_seed,transformer,statistics_s4,314159,category-statistics-s4-transformer-seed314159,block_01,algebra_a4,314159,category-algebra-a4-transformer-seed314159,4096,0.636294767991543
disjoint_condition_same_seed,transformer,statistics_s4,314159,category-statistics-s4-transformer-seed314159,block_02,algebra_a4,314159,category-algebra-a4-transformer-seed314159,4096,0.506760546836892
disjoint_condition_same_seed,transformer,statistics_s4,314159,category-statistics-s4-transformer-seed314159,block_03,algebra_a4,314159,category-algebra-a4-transformer-seed314159,4096,0.47756530397987124
disjoint_condition_same_seed,transformer,statistics_s4,314159,category-statistics-s4-transformer-seed314159,block_04,algebra_a4,314159,category-algebra-a4-transformer-seed314159,4096,0.35459229735783476
disjoint_condition_same_seed,transformer,statistics_s4,314159,category-statistics-s4-transformer-seed314159,final_norm,algebra_a4,314159,category-algebra-a4-transformer-seed314159,4096,0.387364980370271
disjoint_condition_cross_seed,transformer,statistics_s4,17,category-statistics-s4-transformer-seed17,embedding,algebra_a4,42,category-algebra-a4-transformer-seed42,4096,0.7991040769073197
disjoint_condition_cross_seed,transformer,statistics_s4,17,category-statistics-s4-transformer-seed17,block_01,algebra_a4,42,category-algebra-a4-transformer-seed42,4096,0.5391110253071835
disjoint_condition_cross_seed,transformer,statistics_s4,17,category-statistics-s4-transformer-seed17,block_02,algebra_a4,42,category-algebra-a4-transformer-seed42,4096,0.43545696089333624
disjoint_condition_cross_seed,transformer,statistics_s4,17,category-statistics-s4-transformer-seed17,block_03,algebra_a4,42,category-algebra-a4-transformer-seed42,4096,0.35356922915650674
disjoint_condition_cross_seed,transformer,statistics_s4,17,category-statistics-s4-transformer-seed17,block_04,algebra_a4,42,category-algebra-a4-transformer-seed42,4096,0.2848363559540848
disjoint_condition_cross_seed,transformer,statistics_s4,17,category-statistics-s4-transformer-seed17,final_norm,algebra_a4,42,category-algebra-a4-transformer-seed42,4096,0.29779719334080423
disjoint_condition_cross_seed,transformer,statistics_s4,17,category-statistics-s4-transformer-seed17,embedding,algebra_a4,314159,category-algebra-a4-transformer-seed314159,4096,0.7799938675016527
disjoint_condition_cross_seed,transformer,statistics_s4,17,category-statistics-s4-transformer-seed17,block_01,algebra_a4,314159,category-algebra-a4-transformer-seed314159,4096,0.5382349976988421
disjoint_condition_cross_seed,transformer,statistics_s4,17,category-statistics-s4-transformer-seed17,block_02,algebra_a4,314159,category-algebra-a4-transformer-seed314159,4096,0.4494304859662053
disjoint_condition_cross_seed,transformer,statistics_s4,17,category-statistics-s4-transformer-seed17,block_03,algebra_a4,314159,category-algebra-a4-transformer-seed314159,4096,0.42956231815439794
disjoint_condition_cross_seed,transformer,statistics_s4,17,category-statistics-s4-transformer-seed17,block_04,algebra_a4,314159,category-algebra-a4-transformer-seed314159,4096,0.32271193668025416
disjoint_condition_cross_seed,transformer,statistics_s4,17,category-statistics-s4-transformer-seed17,final_norm,algebra_a4,314159,category-algebra-a4-transformer-seed314159,4096,0.3397471426369164
disjoint_condition_cross_seed,transformer,statistics_s4,42,category-statistics-s4-transformer-seed42,embedding,algebra_a4,17,category-algebra-a4-transformer-seed17,4096,0.7823193570283624
disjoint_condition_cross_seed,transformer,statistics_s4,42,category-statistics-s4-transformer-seed42,block_01,algebra_a4,17,category-algebra-a4-transformer-seed17,4096,0.4564439873379561
disjoint_condition_cross_seed,transformer,statistics_s4,42,category-statistics-s4-transformer-seed42,block_02,algebra_a4,17,category-algebra-a4-transformer-seed17,4096,0.5359009969054488
disjoint_condition_cross_seed,transformer,statistics_s4,42,category-statistics-s4-transformer-seed42,block_03,algebra_a4,17,category-algebra-a4-transformer-seed17,4096,0.4657777426898955
disjoint_condition_cross_seed,transformer,statistics_s4,42,category-statistics-s4-transformer-seed42,block_04,algebra_a4,17,category-algebra-a4-transformer-seed17,4096,0.30029192321861076
disjoint_condition_cross_seed,transformer,statistics_s4,42,category-statistics-s4-transformer-seed42,final_norm,algebra_a4,17,category-algebra-a4-transformer-seed17,4096,0.25404198033336506
disjoint_condition_cross_seed,transformer,statistics_s4,42,category-statistics-s4-transformer-seed42,embedding,algebra_a4,314159,category-algebra-a4-transformer-seed314159,4096,0.8756430199199241
disjoint_condition_cross_seed,transformer,statistics_s4,42,category-statistics-s4-transformer-seed42,block_01,algebra_a4,314159,category-algebra-a4-transformer-seed314159,4096,0.5655890110317435
disjoint_condition_cross_seed,transformer,statistics_s4,42,category-statistics-s4-transformer-seed42,block_02,algebra_a4,314159,category-algebra-a4-transformer-seed314159,4096,0.4661290803941857
disjoint_condition_cross_seed,transformer,statistics_s4,42,category-statistics-s4-transformer-seed42,block_03,algebra_a4,314159,category-algebra-a4-transformer-seed314159,4096,0.3921589063094013
disjoint_condition_cross_seed,transformer,statistics_s4,42,category-statistics-s4-transformer-seed42,block_04,algebra_a4,314159,category-algebra-a4-transformer-seed314159,4096,0.2738701543916396
disjoint_condition_cross_seed,transformer,statistics_s4,42,category-statistics-s4-transformer-seed42,final_norm,algebra_a4,314159,category-algebra-a4-transformer-seed314159,4096,0.25893084304128905
disjoint_condition_cross_seed,transformer,statistics_s4,314159,category-statistics-s4-transformer-seed314159,embedding,algebra_a4,17,category-algebra-a4-transformer-seed17,4096,0.7028727798859548
disjoint_condition_cross_seed,transformer,statistics_s4,314159,category-statistics-s4-transformer-seed314159,block_01,algebra_a4,17,category-algebra-a4-transformer-seed17,4096,0.665454204826994
disjoint_condition_cross_seed,transformer,statistics_s4,314159,category-statistics-s4-transformer-seed314159,block_02,algebra_a4,17,category-algebra-a4-transformer-seed17,4096,0.6574284716438034
disjoint_condition_cross_seed,transformer,statistics_s4,314159,category-statistics-s4-transformer-seed314159,block_03,algebra_a4,17,category-algebra-a4-transformer-seed17,4096,0.5732284028428031
disjoint_condition_cross_seed,transformer,statistics_s4,314159,category-statistics-s4-transformer-seed314159,block_04,algebra_a4,17,category-algebra-a4-transformer-seed17,4096,0.4055892030901636
disjoint_condition_cross_seed,transformer,statistics_s4,314159,category-statistics-s4-transformer-seed314159,final_norm,algebra_a4,17,category-algebra-a4-transformer-seed17,4096,0.40615990513629624
disjoint_condition_cross_seed,transformer,statistics_s4,314159,category-statistics-s4-transformer-seed314159,embedding,algebra_a4,42,category-algebra-a4-transformer-seed42,4096,0.8106424658544481
disjoint_condition_cross_seed,transformer,statistics_s4,314159,category-statistics-s4-transformer-seed314159,block_01,algebra_a4,42,category-algebra-a4-transformer-seed42,4096,0.618739099029968
disjoint_condition_cross_seed,transformer,statistics_s4,314159,category-statistics-s4-transformer-seed314159,block_02,algebra_a4,42,category-algebra-a4-transformer-seed42,4096,0.43456118826209905
disjoint_condition_cross_seed,transformer,statistics_s4,314159,category-statistics-s4-transformer-seed314159,block_03,algebra_a4,42,category-algebra-a4-transformer-seed42,4096,0.3326572762786053
disjoint_condition_cross_seed,transformer,statistics_s4,314159,category-statistics-s4-transformer-seed314159,block_04,algebra_a4,42,category-algebra-a4-transformer-seed42,4096,0.3207839127913243
disjoint_condition_cross_seed,transformer,statistics_s4,314159,category-statistics-s4-transformer-seed314159,final_norm,algebra_a4,42,category-algebra-a4-transformer-seed42,4096,0.3573319440079918
random_cross_seed,mlp,random_init,17,random-mlp-seed17,embedding,random_init,42,random-mlp-seed42,4096,0.8885908768201923
random_cross_seed,mlp,random_init,17,random-mlp-seed17,block_01,random_init,42,random-mlp-seed42,4096,0.7602938128994122
random_cross_seed,mlp,random_init,17,random-mlp-seed17,final_norm,random_init,42,random-mlp-seed42,4096,0.7578396868051974
random_cross_seed,mlp,random_init,17,random-mlp-seed17,embedding,random_init,314159,random-mlp-seed314159,4096,0.8966024444292292
random_cross_seed,mlp,random_init,17,random-mlp-seed17,block_01,random_init,314159,random-mlp-seed314159,4096,0.7454222363687312
random_cross_seed,mlp,random_init,17,random-mlp-seed17,final_norm,random_init,314159,random-mlp-seed314159,4096,0.7430417830161588
random_cross_seed,mlp,random_init,42,random-mlp-seed42,embedding,random_init,314159,random-mlp-seed314159,4096,0.8991197255576547
random_cross_seed,mlp,random_init,42,random-mlp-seed42,block_01,random_init,314159,random-mlp-seed314159,4096,0.7783715938518105
random_cross_seed,mlp,random_init,42,random-mlp-seed42,final_norm,random_init,314159,random-mlp-seed314159,4096,0.7755890535466354
random_cross_seed,transformer,random_init,17,random-transformer-seed17,embedding,random_init,42,random-transformer-seed42,4096,0.9055860199950057
random_cross_seed,transformer,random_init,17,random-transformer-seed17,block_01,random_init,42,random-transformer-seed42,4096,0.8443839853311075
random_cross_seed,transformer,random_init,17,random-transformer-seed17,block_02,random_init,42,random-transformer-seed42,4096,0.8812584730930366
random_cross_seed,transformer,random_init,17,random-transformer-seed17,block_03,random_init,42,random-transformer-seed42,4096,0.8983204770662578
random_cross_seed,transformer,random_init,17,random-transformer-seed17,block_04,random_init,42,random-transformer-seed42,4096,0.8894343197718105
random_cross_seed,transformer,random_init,17,random-transformer-seed17,final_norm,random_init,42,random-transformer-seed42,4096,0.8877406438539005
random_cross_seed,transformer,random_init,17,random-transformer-seed17,embedding,random_init,314159,random-transformer-seed314159,4096,0.8934002010003818
random_cross_seed,transformer,random_init,17,random-transformer-seed17,block_01,random_init,314159,random-transformer-seed314159,4096,0.8436859711574538
random_cross_seed,transformer,random_init,17,random-transformer-seed17,block_02,random_init,314159,random-transformer-seed314159,4096,0.8521039443249874
random_cross_seed,transformer,random_init,17,random-transformer-seed17,block_03,random_init,314159,random-transformer-seed314159,4096,0.8791761500738161
random_cross_seed,transformer,random_init,17,random-transformer-seed17,block_04,random_init,314159,random-transformer-seed314159,4096,0.8841367287533658
random_cross_seed,transformer,random_init,17,random-transformer-seed17,final_norm,random_init,314159,random-transformer-seed314159,4096,0.8806564435888229
random_cross_seed,transformer,random_init,42,random-transformer-seed42,embedding,random_init,314159,random-transformer-seed314159,4096,0.8906762866438797
random_cross_seed,transformer,random_init,42,random-transformer-seed42,block_01,random_init,314159,random-transformer-seed314159,4096,0.8398038383761003
random_cross_seed,transformer,random_init,42,random-transformer-seed42,block_02,random_init,314159,random-transformer-seed314159,4096,0.8557243209264714
random_cross_seed,transformer,random_init,42,random-transformer-seed42,block_03,random_init,314159,random-transformer-seed314159,4096,0.8743786656270645
random_cross_seed,transformer,random_init,42,random-transformer-seed42,block_04,random_init,314159,random-transformer-seed314159,4096,0.8805407229746695
random_cross_seed,transformer,random_init,42,random-transformer-seed42,final_norm,random_init,314159,random-transformer-seed314159,4096,0.881645243287608
