comparison,architecture_a,trained_task_count_a,seed_a,run_id_a,layer_a,architecture_b,trained_task_count_b,seed_b,run_id_b,layer_b,probe_examples,linear_cka
seed_stability,mlp,1,17,mlp-tasks01-seed17,embedding,mlp,1,42,mlp-tasks01-seed42,embedding,4096,0.8932384858159704
seed_stability,mlp,1,17,mlp-tasks01-seed17,block_01,mlp,1,42,mlp-tasks01-seed42,block_01,4096,0.8596582891333904
seed_stability,mlp,1,17,mlp-tasks01-seed17,final_norm,mlp,1,42,mlp-tasks01-seed42,final_norm,4096,0.8325594842426647
seed_stability,mlp,1,17,mlp-tasks01-seed17,embedding,mlp,1,314159,mlp-tasks01-seed314159,embedding,4096,0.9227425998028213
seed_stability,mlp,1,17,mlp-tasks01-seed17,block_01,mlp,1,314159,mlp-tasks01-seed314159,block_01,4096,0.8424008623256727
seed_stability,mlp,1,17,mlp-tasks01-seed17,final_norm,mlp,1,314159,mlp-tasks01-seed314159,final_norm,4096,0.8079189797808669
seed_stability,mlp,1,42,mlp-tasks01-seed42,embedding,mlp,1,314159,mlp-tasks01-seed314159,embedding,4096,0.9277332250388346
seed_stability,mlp,1,42,mlp-tasks01-seed42,block_01,mlp,1,314159,mlp-tasks01-seed314159,block_01,4096,0.9164870730615019
seed_stability,mlp,1,42,mlp-tasks01-seed42,final_norm,mlp,1,314159,mlp-tasks01-seed314159,final_norm,4096,0.8361629100782673
seed_stability,mlp,2,17,mlp-tasks02-seed17,embedding,mlp,2,42,mlp-tasks02-seed42,embedding,4096,0.8749843185847943
seed_stability,mlp,2,17,mlp-tasks02-seed17,block_01,mlp,2,42,mlp-tasks02-seed42,block_01,4096,0.7509568407537065
seed_stability,mlp,2,17,mlp-tasks02-seed17,final_norm,mlp,2,42,mlp-tasks02-seed42,final_norm,4096,0.8216585383018271
seed_stability,mlp,2,17,mlp-tasks02-seed17,embedding,mlp,2,314159,mlp-tasks02-seed314159,embedding,4096,0.8909906551266208
seed_stability,mlp,2,17,mlp-tasks02-seed17,block_01,mlp,2,314159,mlp-tasks02-seed314159,block_01,4096,0.7501234698601973
seed_stability,mlp,2,17,mlp-tasks02-seed17,final_norm,mlp,2,314159,mlp-tasks02-seed314159,final_norm,4096,0.8859455784821181
seed_stability,mlp,2,42,mlp-tasks02-seed42,embedding,mlp,2,314159,mlp-tasks02-seed314159,embedding,4096,0.9199942419627
seed_stability,mlp,2,42,mlp-tasks02-seed42,block_01,mlp,2,314159,mlp-tasks02-seed314159,block_01,4096,0.827464637249757
seed_stability,mlp,2,42,mlp-tasks02-seed42,final_norm,mlp,2,314159,mlp-tasks02-seed314159,final_norm,4096,0.8612235716355949
seed_stability,mlp,4,17,mlp-tasks04-seed17,embedding,mlp,4,42,mlp-tasks04-seed42,embedding,4096,0.9205985185350265
seed_stability,mlp,4,17,mlp-tasks04-seed17,block_01,mlp,4,42,mlp-tasks04-seed42,block_01,4096,0.48258757813722486
seed_stability,mlp,4,17,mlp-tasks04-seed17,final_norm,mlp,4,42,mlp-tasks04-seed42,final_norm,4096,0.42941753109294933
seed_stability,mlp,4,17,mlp-tasks04-seed17,embedding,mlp,4,314159,mlp-tasks04-seed314159,embedding,4096,0.9596577411187261
seed_stability,mlp,4,17,mlp-tasks04-seed17,block_01,mlp,4,314159,mlp-tasks04-seed314159,block_01,4096,0.463857344504142
seed_stability,mlp,4,17,mlp-tasks04-seed17,final_norm,mlp,4,314159,mlp-tasks04-seed314159,final_norm,4096,0.35934653856883836
seed_stability,mlp,4,42,mlp-tasks04-seed42,embedding,mlp,4,314159,mlp-tasks04-seed314159,embedding,4096,0.9338313705758434
seed_stability,mlp,4,42,mlp-tasks04-seed42,block_01,mlp,4,314159,mlp-tasks04-seed314159,block_01,4096,0.6767940637969392
seed_stability,mlp,4,42,mlp-tasks04-seed42,final_norm,mlp,4,314159,mlp-tasks04-seed314159,final_norm,4096,0.6885744467746082
seed_stability,mlp,8,17,mlp-tasks08-seed17,embedding,mlp,8,42,mlp-tasks08-seed42,embedding,4096,0.9269917371709682
seed_stability,mlp,8,17,mlp-tasks08-seed17,block_01,mlp,8,42,mlp-tasks08-seed42,block_01,4096,0.2836074842970017
seed_stability,mlp,8,17,mlp-tasks08-seed17,final_norm,mlp,8,42,mlp-tasks08-seed42,final_norm,4096,0.4232482445105853
seed_stability,mlp,8,17,mlp-tasks08-seed17,embedding,mlp,8,314159,mlp-tasks08-seed314159,embedding,4096,0.9309113830497964
seed_stability,mlp,8,17,mlp-tasks08-seed17,block_01,mlp,8,314159,mlp-tasks08-seed314159,block_01,4096,0.246261951143242
seed_stability,mlp,8,17,mlp-tasks08-seed17,final_norm,mlp,8,314159,mlp-tasks08-seed314159,final_norm,4096,0.45886579545532935
seed_stability,mlp,8,42,mlp-tasks08-seed42,embedding,mlp,8,314159,mlp-tasks08-seed314159,embedding,4096,0.9260797078601205
seed_stability,mlp,8,42,mlp-tasks08-seed42,block_01,mlp,8,314159,mlp-tasks08-seed314159,block_01,4096,0.5538975802457167
seed_stability,mlp,8,42,mlp-tasks08-seed42,final_norm,mlp,8,314159,mlp-tasks08-seed314159,final_norm,4096,0.8126209687018006
seed_stability,mlp,16,17,mlp-tasks16-seed17,embedding,mlp,16,42,mlp-tasks16-seed42,embedding,4096,0.9721065069743156
seed_stability,mlp,16,17,mlp-tasks16-seed17,block_01,mlp,16,42,mlp-tasks16-seed42,block_01,4096,0.9010437696882649
seed_stability,mlp,16,17,mlp-tasks16-seed17,final_norm,mlp,16,42,mlp-tasks16-seed42,final_norm,4096,0.8682108134985917
seed_stability,mlp,16,17,mlp-tasks16-seed17,embedding,mlp,16,314159,mlp-tasks16-seed314159,embedding,4096,0.9634546914363391
seed_stability,mlp,16,17,mlp-tasks16-seed17,block_01,mlp,16,314159,mlp-tasks16-seed314159,block_01,4096,0.8979037693908343
seed_stability,mlp,16,17,mlp-tasks16-seed17,final_norm,mlp,16,314159,mlp-tasks16-seed314159,final_norm,4096,0.8392743488960689
seed_stability,mlp,16,42,mlp-tasks16-seed42,embedding,mlp,16,314159,mlp-tasks16-seed314159,embedding,4096,0.9579096782989185
seed_stability,mlp,16,42,mlp-tasks16-seed42,block_01,mlp,16,314159,mlp-tasks16-seed314159,block_01,4096,0.8852889846371067
seed_stability,mlp,16,42,mlp-tasks16-seed42,final_norm,mlp,16,314159,mlp-tasks16-seed314159,final_norm,4096,0.7927126344385017
seed_stability,transformer,1,17,transformer-tasks01-seed17,embedding,transformer,1,42,transformer-tasks01-seed42,embedding,4096,0.92230844286579
seed_stability,transformer,1,17,transformer-tasks01-seed17,block_01,transformer,1,42,transformer-tasks01-seed42,block_01,4096,0.4045636416169267
seed_stability,transformer,1,17,transformer-tasks01-seed17,block_02,transformer,1,42,transformer-tasks01-seed42,block_02,4096,0.35255517550993
seed_stability,transformer,1,17,transformer-tasks01-seed17,block_03,transformer,1,42,transformer-tasks01-seed42,block_03,4096,0.33321530007811895
seed_stability,transformer,1,17,transformer-tasks01-seed17,block_04,transformer,1,42,transformer-tasks01-seed42,block_04,4096,0.36010535525224724
seed_stability,transformer,1,17,transformer-tasks01-seed17,final_norm,transformer,1,42,transformer-tasks01-seed42,final_norm,4096,0.4161068239289405
seed_stability,transformer,1,17,transformer-tasks01-seed17,embedding,transformer,1,314159,transformer-tasks01-seed314159,embedding,4096,0.9349734742264008
seed_stability,transformer,1,17,transformer-tasks01-seed17,block_01,transformer,1,314159,transformer-tasks01-seed314159,block_01,4096,0.8252291727337582
seed_stability,transformer,1,17,transformer-tasks01-seed17,block_02,transformer,1,314159,transformer-tasks01-seed314159,block_02,4096,0.8297947155068087
seed_stability,transformer,1,17,transformer-tasks01-seed17,block_03,transformer,1,314159,transformer-tasks01-seed314159,block_03,4096,0.8352397123610019
seed_stability,transformer,1,17,transformer-tasks01-seed17,block_04,transformer,1,314159,transformer-tasks01-seed314159,block_04,4096,0.7321004909379382
seed_stability,transformer,1,17,transformer-tasks01-seed17,final_norm,transformer,1,314159,transformer-tasks01-seed314159,final_norm,4096,0.7611796615492273
seed_stability,transformer,1,42,transformer-tasks01-seed42,embedding,transformer,1,314159,transformer-tasks01-seed314159,embedding,4096,0.9284173466000661
seed_stability,transformer,1,42,transformer-tasks01-seed42,block_01,transformer,1,314159,transformer-tasks01-seed314159,block_01,4096,0.3407974860421555
seed_stability,transformer,1,42,transformer-tasks01-seed42,block_02,transformer,1,314159,transformer-tasks01-seed314159,block_02,4096,0.2633009136846157
seed_stability,transformer,1,42,transformer-tasks01-seed42,block_03,transformer,1,314159,transformer-tasks01-seed314159,block_03,4096,0.3048834831356422
seed_stability,transformer,1,42,transformer-tasks01-seed42,block_04,transformer,1,314159,transformer-tasks01-seed314159,block_04,4096,0.3687651818293643
seed_stability,transformer,1,42,transformer-tasks01-seed42,final_norm,transformer,1,314159,transformer-tasks01-seed314159,final_norm,4096,0.43565971567192685
seed_stability,transformer,2,17,transformer-tasks02-seed17,embedding,transformer,2,42,transformer-tasks02-seed42,embedding,4096,0.9519306723159123
seed_stability,transformer,2,17,transformer-tasks02-seed17,block_01,transformer,2,42,transformer-tasks02-seed42,block_01,4096,0.8486233352560683
seed_stability,transformer,2,17,transformer-tasks02-seed17,block_02,transformer,2,42,transformer-tasks02-seed42,block_02,4096,0.8397292019518577
seed_stability,transformer,2,17,transformer-tasks02-seed17,block_03,transformer,2,42,transformer-tasks02-seed42,block_03,4096,0.7237945911977371
seed_stability,transformer,2,17,transformer-tasks02-seed17,block_04,transformer,2,42,transformer-tasks02-seed42,block_04,4096,0.2715926909932841
seed_stability,transformer,2,17,transformer-tasks02-seed17,final_norm,transformer,2,42,transformer-tasks02-seed42,final_norm,4096,0.31911200373058773
seed_stability,transformer,2,17,transformer-tasks02-seed17,embedding,transformer,2,314159,transformer-tasks02-seed314159,embedding,4096,0.943548153982697
seed_stability,transformer,2,17,transformer-tasks02-seed17,block_01,transformer,2,314159,transformer-tasks02-seed314159,block_01,4096,0.8359405250762517
seed_stability,transformer,2,17,transformer-tasks02-seed17,block_02,transformer,2,314159,transformer-tasks02-seed314159,block_02,4096,0.9175225403750038
seed_stability,transformer,2,17,transformer-tasks02-seed17,block_03,transformer,2,314159,transformer-tasks02-seed314159,block_03,4096,0.8975762783357488
seed_stability,transformer,2,17,transformer-tasks02-seed17,block_04,transformer,2,314159,transformer-tasks02-seed314159,block_04,4096,0.7736492586173226
seed_stability,transformer,2,17,transformer-tasks02-seed17,final_norm,transformer,2,314159,transformer-tasks02-seed314159,final_norm,4096,0.7739168868039235
seed_stability,transformer,2,42,transformer-tasks02-seed42,embedding,transformer,2,314159,transformer-tasks02-seed314159,embedding,4096,0.9476009872892622
seed_stability,transformer,2,42,transformer-tasks02-seed42,block_01,transformer,2,314159,transformer-tasks02-seed314159,block_01,4096,0.8689161211549714
seed_stability,transformer,2,42,transformer-tasks02-seed42,block_02,transformer,2,314159,transformer-tasks02-seed314159,block_02,4096,0.8242208959595495
seed_stability,transformer,2,42,transformer-tasks02-seed42,block_03,transformer,2,314159,transformer-tasks02-seed314159,block_03,4096,0.7587402741715943
seed_stability,transformer,2,42,transformer-tasks02-seed42,block_04,transformer,2,314159,transformer-tasks02-seed314159,block_04,4096,0.3707042579760709
seed_stability,transformer,2,42,transformer-tasks02-seed42,final_norm,transformer,2,314159,transformer-tasks02-seed314159,final_norm,4096,0.4346966537051395
seed_stability,transformer,4,17,transformer-tasks04-seed17,embedding,transformer,4,42,transformer-tasks04-seed42,embedding,4096,0.9580962478981082
seed_stability,transformer,4,17,transformer-tasks04-seed17,block_01,transformer,4,42,transformer-tasks04-seed42,block_01,4096,0.8872102304823161
seed_stability,transformer,4,17,transformer-tasks04-seed17,block_02,transformer,4,42,transformer-tasks04-seed42,block_02,4096,0.893664886812529
seed_stability,transformer,4,17,transformer-tasks04-seed17,block_03,transformer,4,42,transformer-tasks04-seed42,block_03,4096,0.8498683516092873
seed_stability,transformer,4,17,transformer-tasks04-seed17,block_04,transformer,4,42,transformer-tasks04-seed42,block_04,4096,0.8003047566520515
seed_stability,transformer,4,17,transformer-tasks04-seed17,final_norm,transformer,4,42,transformer-tasks04-seed42,final_norm,4096,0.8531753302420747
seed_stability,transformer,4,17,transformer-tasks04-seed17,embedding,transformer,4,314159,transformer-tasks04-seed314159,embedding,4096,0.961762293299381
seed_stability,transformer,4,17,transformer-tasks04-seed17,block_01,transformer,4,314159,transformer-tasks04-seed314159,block_01,4096,0.9253711747619684
seed_stability,transformer,4,17,transformer-tasks04-seed17,block_02,transformer,4,314159,transformer-tasks04-seed314159,block_02,4096,0.9023930692648426
seed_stability,transformer,4,17,transformer-tasks04-seed17,block_03,transformer,4,314159,transformer-tasks04-seed314159,block_03,4096,0.8277531606970601
seed_stability,transformer,4,17,transformer-tasks04-seed17,block_04,transformer,4,314159,transformer-tasks04-seed314159,block_04,4096,0.7483699064619728
seed_stability,transformer,4,17,transformer-tasks04-seed17,final_norm,transformer,4,314159,transformer-tasks04-seed314159,final_norm,4096,0.7520994460944515
seed_stability,transformer,4,42,transformer-tasks04-seed42,embedding,transformer,4,314159,transformer-tasks04-seed314159,embedding,4096,0.9650291482683878
seed_stability,transformer,4,42,transformer-tasks04-seed42,block_01,transformer,4,314159,transformer-tasks04-seed314159,block_01,4096,0.9062379801346847
seed_stability,transformer,4,42,transformer-tasks04-seed42,block_02,transformer,4,314159,transformer-tasks04-seed314159,block_02,4096,0.8769969938064271
seed_stability,transformer,4,42,transformer-tasks04-seed42,block_03,transformer,4,314159,transformer-tasks04-seed314159,block_03,4096,0.8044026133199275
seed_stability,transformer,4,42,transformer-tasks04-seed42,block_04,transformer,4,314159,transformer-tasks04-seed314159,block_04,4096,0.6932109617050162
seed_stability,transformer,4,42,transformer-tasks04-seed42,final_norm,transformer,4,314159,transformer-tasks04-seed314159,final_norm,4096,0.7167554648624438
seed_stability,transformer,8,17,transformer-tasks08-seed17,embedding,transformer,8,42,transformer-tasks08-seed42,embedding,4096,0.9749885414864937
seed_stability,transformer,8,17,transformer-tasks08-seed17,block_01,transformer,8,42,transformer-tasks08-seed42,block_01,4096,0.6032016914205586
seed_stability,transformer,8,17,transformer-tasks08-seed17,block_02,transformer,8,42,transformer-tasks08-seed42,block_02,4096,0.7248373209224871
seed_stability,transformer,8,17,transformer-tasks08-seed17,block_03,transformer,8,42,transformer-tasks08-seed42,block_03,4096,0.6702608126107242
seed_stability,transformer,8,17,transformer-tasks08-seed17,block_04,transformer,8,42,transformer-tasks08-seed42,block_04,4096,0.6179837444133123
seed_stability,transformer,8,17,transformer-tasks08-seed17,final_norm,transformer,8,42,transformer-tasks08-seed42,final_norm,4096,0.643610891112897
seed_stability,transformer,8,17,transformer-tasks08-seed17,embedding,transformer,8,314159,transformer-tasks08-seed314159,embedding,4096,0.9379621706854379
seed_stability,transformer,8,17,transformer-tasks08-seed17,block_01,transformer,8,314159,transformer-tasks08-seed314159,block_01,4096,0.7836731456002398
seed_stability,transformer,8,17,transformer-tasks08-seed17,block_02,transformer,8,314159,transformer-tasks08-seed314159,block_02,4096,0.7654636503781134
seed_stability,transformer,8,17,transformer-tasks08-seed17,block_03,transformer,8,314159,transformer-tasks08-seed314159,block_03,4096,0.7559523624987833
seed_stability,transformer,8,17,transformer-tasks08-seed17,block_04,transformer,8,314159,transformer-tasks08-seed314159,block_04,4096,0.5190944485176321
seed_stability,transformer,8,17,transformer-tasks08-seed17,final_norm,transformer,8,314159,transformer-tasks08-seed314159,final_norm,4096,0.5898678697081179
seed_stability,transformer,8,42,transformer-tasks08-seed42,embedding,transformer,8,314159,transformer-tasks08-seed314159,embedding,4096,0.9547275566517622
seed_stability,transformer,8,42,transformer-tasks08-seed42,block_01,transformer,8,314159,transformer-tasks08-seed314159,block_01,4096,0.5102906754225605
seed_stability,transformer,8,42,transformer-tasks08-seed42,block_02,transformer,8,314159,transformer-tasks08-seed314159,block_02,4096,0.5985329251024275
seed_stability,transformer,8,42,transformer-tasks08-seed42,block_03,transformer,8,314159,transformer-tasks08-seed314159,block_03,4096,0.6344291874752259
seed_stability,transformer,8,42,transformer-tasks08-seed42,block_04,transformer,8,314159,transformer-tasks08-seed314159,block_04,4096,0.6293965448056685
seed_stability,transformer,8,42,transformer-tasks08-seed42,final_norm,transformer,8,314159,transformer-tasks08-seed314159,final_norm,4096,0.6568878400290074
seed_stability,transformer,16,17,transformer-tasks16-seed17,embedding,transformer,16,42,transformer-tasks16-seed42,embedding,4096,0.9700383760249152
seed_stability,transformer,16,17,transformer-tasks16-seed17,block_01,transformer,16,42,transformer-tasks16-seed42,block_01,4096,0.8417563949623241
seed_stability,transformer,16,17,transformer-tasks16-seed17,block_02,transformer,16,42,transformer-tasks16-seed42,block_02,4096,0.8557430089740355
seed_stability,transformer,16,17,transformer-tasks16-seed17,block_03,transformer,16,42,transformer-tasks16-seed42,block_03,4096,0.8300866791798821
seed_stability,transformer,16,17,transformer-tasks16-seed17,block_04,transformer,16,42,transformer-tasks16-seed42,block_04,4096,0.6114893124097078
seed_stability,transformer,16,17,transformer-tasks16-seed17,final_norm,transformer,16,42,transformer-tasks16-seed42,final_norm,4096,0.6241558890538195
seed_stability,transformer,16,17,transformer-tasks16-seed17,embedding,transformer,16,314159,transformer-tasks16-seed314159,embedding,4096,0.960732286827168
seed_stability,transformer,16,17,transformer-tasks16-seed17,block_01,transformer,16,314159,transformer-tasks16-seed314159,block_01,4096,0.7898485041041887
seed_stability,transformer,16,17,transformer-tasks16-seed17,block_02,transformer,16,314159,transformer-tasks16-seed314159,block_02,4096,0.7920256638994195
seed_stability,transformer,16,17,transformer-tasks16-seed17,block_03,transformer,16,314159,transformer-tasks16-seed314159,block_03,4096,0.7792852574456793
seed_stability,transformer,16,17,transformer-tasks16-seed17,block_04,transformer,16,314159,transformer-tasks16-seed314159,block_04,4096,0.6820764166755637
seed_stability,transformer,16,17,transformer-tasks16-seed17,final_norm,transformer,16,314159,transformer-tasks16-seed314159,final_norm,4096,0.6714998217883573
seed_stability,transformer,16,42,transformer-tasks16-seed42,embedding,transformer,16,314159,transformer-tasks16-seed314159,embedding,4096,0.9662899316385221
seed_stability,transformer,16,42,transformer-tasks16-seed42,block_01,transformer,16,314159,transformer-tasks16-seed314159,block_01,4096,0.7276334227259875
seed_stability,transformer,16,42,transformer-tasks16-seed42,block_02,transformer,16,314159,transformer-tasks16-seed314159,block_02,4096,0.8357665011775578
seed_stability,transformer,16,42,transformer-tasks16-seed42,block_03,transformer,16,314159,transformer-tasks16-seed314159,block_03,4096,0.750303312993164
seed_stability,transformer,16,42,transformer-tasks16-seed42,block_04,transformer,16,314159,transformer-tasks16-seed314159,block_04,4096,0.5696700719829777
seed_stability,transformer,16,42,transformer-tasks16-seed42,final_norm,transformer,16,314159,transformer-tasks16-seed314159,final_norm,4096,0.6012959185637018
k16_alignment,mlp,1,17,mlp-tasks01-seed17,embedding,mlp,16,17,mlp-tasks16-seed17,embedding,4096,0.886665316204054
k16_alignment,mlp,1,17,mlp-tasks01-seed17,block_01,mlp,16,17,mlp-tasks16-seed17,block_01,4096,0.5677221407908256
k16_alignment,mlp,1,17,mlp-tasks01-seed17,final_norm,mlp,16,17,mlp-tasks16-seed17,final_norm,4096,0.6509390943703213
k16_alignment,mlp,1,42,mlp-tasks01-seed42,embedding,mlp,16,42,mlp-tasks16-seed42,embedding,4096,0.89041110226028
k16_alignment,mlp,1,42,mlp-tasks01-seed42,block_01,mlp,16,42,mlp-tasks16-seed42,block_01,4096,0.6852169981322819
k16_alignment,mlp,1,42,mlp-tasks01-seed42,final_norm,mlp,16,42,mlp-tasks16-seed42,final_norm,4096,0.6467059119919117
k16_alignment,mlp,1,314159,mlp-tasks01-seed314159,embedding,mlp,16,314159,mlp-tasks16-seed314159,embedding,4096,0.8717153370765782
k16_alignment,mlp,1,314159,mlp-tasks01-seed314159,block_01,mlp,16,314159,mlp-tasks16-seed314159,block_01,4096,0.6352358817078136
k16_alignment,mlp,1,314159,mlp-tasks01-seed314159,final_norm,mlp,16,314159,mlp-tasks16-seed314159,final_norm,4096,0.5884003409364136
k16_alignment,mlp,2,17,mlp-tasks02-seed17,embedding,mlp,16,17,mlp-tasks16-seed17,embedding,4096,0.9118592678614245
k16_alignment,mlp,2,17,mlp-tasks02-seed17,block_01,mlp,16,17,mlp-tasks16-seed17,block_01,4096,0.5066810227828571
k16_alignment,mlp,2,17,mlp-tasks02-seed17,final_norm,mlp,16,17,mlp-tasks16-seed17,final_norm,4096,0.7028762161302445
k16_alignment,mlp,2,42,mlp-tasks02-seed42,embedding,mlp,16,42,mlp-tasks16-seed42,embedding,4096,0.902836902214617
k16_alignment,mlp,2,42,mlp-tasks02-seed42,block_01,mlp,16,42,mlp-tasks16-seed42,block_01,4096,0.6040609574104167
k16_alignment,mlp,2,42,mlp-tasks02-seed42,final_norm,mlp,16,42,mlp-tasks16-seed42,final_norm,4096,0.5982336368450407
k16_alignment,mlp,2,314159,mlp-tasks02-seed314159,embedding,mlp,16,314159,mlp-tasks16-seed314159,embedding,4096,0.9283415289063403
k16_alignment,mlp,2,314159,mlp-tasks02-seed314159,block_01,mlp,16,314159,mlp-tasks16-seed314159,block_01,4096,0.6849071486212114
k16_alignment,mlp,2,314159,mlp-tasks02-seed314159,final_norm,mlp,16,314159,mlp-tasks16-seed314159,final_norm,4096,0.5997105390029371
k16_alignment,mlp,4,17,mlp-tasks04-seed17,embedding,mlp,16,17,mlp-tasks16-seed17,embedding,4096,0.9357160563845976
k16_alignment,mlp,4,17,mlp-tasks04-seed17,block_01,mlp,16,17,mlp-tasks16-seed17,block_01,4096,0.5023706808955642
k16_alignment,mlp,4,17,mlp-tasks04-seed17,final_norm,mlp,16,17,mlp-tasks16-seed17,final_norm,4096,0.3696591217846225
k16_alignment,mlp,4,42,mlp-tasks04-seed42,embedding,mlp,16,42,mlp-tasks16-seed42,embedding,4096,0.9272077681575985
k16_alignment,mlp,4,42,mlp-tasks04-seed42,block_01,mlp,16,42,mlp-tasks16-seed42,block_01,4096,0.7102446058000934
k16_alignment,mlp,4,42,mlp-tasks04-seed42,final_norm,mlp,16,42,mlp-tasks16-seed42,final_norm,4096,0.6883456107318828
k16_alignment,mlp,4,314159,mlp-tasks04-seed314159,embedding,mlp,16,314159,mlp-tasks16-seed314159,embedding,4096,0.9445012178645821
k16_alignment,mlp,4,314159,mlp-tasks04-seed314159,block_01,mlp,16,314159,mlp-tasks16-seed314159,block_01,4096,0.6725949195630542
k16_alignment,mlp,4,314159,mlp-tasks04-seed314159,final_norm,mlp,16,314159,mlp-tasks16-seed314159,final_norm,4096,0.5860835620947481
k16_alignment,mlp,8,17,mlp-tasks08-seed17,embedding,mlp,16,17,mlp-tasks16-seed17,embedding,4096,0.8771475281512383
k16_alignment,mlp,8,17,mlp-tasks08-seed17,block_01,mlp,16,17,mlp-tasks16-seed17,block_01,4096,0.2151959116519708
k16_alignment,mlp,8,17,mlp-tasks08-seed17,final_norm,mlp,16,17,mlp-tasks16-seed17,final_norm,4096,0.4476919578359392
k16_alignment,mlp,8,42,mlp-tasks08-seed42,embedding,mlp,16,42,mlp-tasks16-seed42,embedding,4096,0.8376732353131278
k16_alignment,mlp,8,42,mlp-tasks08-seed42,block_01,mlp,16,42,mlp-tasks16-seed42,block_01,4096,0.7447490859316336
k16_alignment,mlp,8,42,mlp-tasks08-seed42,final_norm,mlp,16,42,mlp-tasks16-seed42,final_norm,4096,0.7944759021491461
k16_alignment,mlp,8,314159,mlp-tasks08-seed314159,embedding,mlp,16,314159,mlp-tasks16-seed314159,embedding,4096,0.8866614241710179
k16_alignment,mlp,8,314159,mlp-tasks08-seed314159,block_01,mlp,16,314159,mlp-tasks16-seed314159,block_01,4096,0.657044959910016
k16_alignment,mlp,8,314159,mlp-tasks08-seed314159,final_norm,mlp,16,314159,mlp-tasks16-seed314159,final_norm,4096,0.58506593325829
k16_alignment,transformer,1,17,transformer-tasks01-seed17,embedding,transformer,16,17,transformer-tasks16-seed17,embedding,4096,0.699624773653887
k16_alignment,transformer,1,17,transformer-tasks01-seed17,block_01,transformer,16,17,transformer-tasks16-seed17,block_01,4096,0.37344063635155195
k16_alignment,transformer,1,17,transformer-tasks01-seed17,block_02,transformer,16,17,transformer-tasks16-seed17,block_02,4096,0.41824677884003997
k16_alignment,transformer,1,17,transformer-tasks01-seed17,block_03,transformer,16,17,transformer-tasks16-seed17,block_03,4096,0.4604483362981842
k16_alignment,transformer,1,17,transformer-tasks01-seed17,block_04,transformer,16,17,transformer-tasks16-seed17,block_04,4096,0.44835229328152143
k16_alignment,transformer,1,17,transformer-tasks01-seed17,final_norm,transformer,16,17,transformer-tasks16-seed17,final_norm,4096,0.4970891542907434
k16_alignment,transformer,1,42,transformer-tasks01-seed42,embedding,transformer,16,42,transformer-tasks16-seed42,embedding,4096,0.704430098921707
k16_alignment,transformer,1,42,transformer-tasks01-seed42,block_01,transformer,16,42,transformer-tasks16-seed42,block_01,4096,0.6099657876505261
k16_alignment,transformer,1,42,transformer-tasks01-seed42,block_02,transformer,16,42,transformer-tasks16-seed42,block_02,4096,0.5304713853801354
k16_alignment,transformer,1,42,transformer-tasks01-seed42,block_03,transformer,16,42,transformer-tasks16-seed42,block_03,4096,0.6063667606214673
k16_alignment,transformer,1,42,transformer-tasks01-seed42,block_04,transformer,16,42,transformer-tasks16-seed42,block_04,4096,0.35042551621555884
k16_alignment,transformer,1,42,transformer-tasks01-seed42,final_norm,transformer,16,42,transformer-tasks16-seed42,final_norm,4096,0.4090441524858732
k16_alignment,transformer,1,314159,transformer-tasks01-seed314159,embedding,transformer,16,314159,transformer-tasks16-seed314159,embedding,4096,0.756407128140253
k16_alignment,transformer,1,314159,transformer-tasks01-seed314159,block_01,transformer,16,314159,transformer-tasks16-seed314159,block_01,4096,0.4538455116872697
k16_alignment,transformer,1,314159,transformer-tasks01-seed314159,block_02,transformer,16,314159,transformer-tasks16-seed314159,block_02,4096,0.5088493562435243
k16_alignment,transformer,1,314159,transformer-tasks01-seed314159,block_03,transformer,16,314159,transformer-tasks16-seed314159,block_03,4096,0.5158347458986738
k16_alignment,transformer,1,314159,transformer-tasks01-seed314159,block_04,transformer,16,314159,transformer-tasks16-seed314159,block_04,4096,0.3821202860287834
k16_alignment,transformer,1,314159,transformer-tasks01-seed314159,final_norm,transformer,16,314159,transformer-tasks16-seed314159,final_norm,4096,0.37356863128745804
k16_alignment,transformer,2,17,transformer-tasks02-seed17,embedding,transformer,16,17,transformer-tasks16-seed17,embedding,4096,0.901687911315477
k16_alignment,transformer,2,17,transformer-tasks02-seed17,block_01,transformer,16,17,transformer-tasks16-seed17,block_01,4096,0.8629118641989316
k16_alignment,transformer,2,17,transformer-tasks02-seed17,block_02,transformer,16,17,transformer-tasks16-seed17,block_02,4096,0.8243335315172727
k16_alignment,transformer,2,17,transformer-tasks02-seed17,block_03,transformer,16,17,transformer-tasks16-seed17,block_03,4096,0.7494822272916639
k16_alignment,transformer,2,17,transformer-tasks02-seed17,block_04,transformer,16,17,transformer-tasks16-seed17,block_04,4096,0.3672858661530662
k16_alignment,transformer,2,17,transformer-tasks02-seed17,final_norm,transformer,16,17,transformer-tasks16-seed17,final_norm,4096,0.40060070097325867
k16_alignment,transformer,2,42,transformer-tasks02-seed42,embedding,transformer,16,42,transformer-tasks16-seed42,embedding,4096,0.8784010040796429
k16_alignment,transformer,2,42,transformer-tasks02-seed42,block_01,transformer,16,42,transformer-tasks16-seed42,block_01,4096,0.632216217638914
k16_alignment,transformer,2,42,transformer-tasks02-seed42,block_02,transformer,16,42,transformer-tasks16-seed42,block_02,4096,0.708339803035623
k16_alignment,transformer,2,42,transformer-tasks02-seed42,block_03,transformer,16,42,transformer-tasks16-seed42,block_03,4096,0.6937478302135863
k16_alignment,transformer,2,42,transformer-tasks02-seed42,block_04,transformer,16,42,transformer-tasks16-seed42,block_04,4096,0.5194397904059606
k16_alignment,transformer,2,42,transformer-tasks02-seed42,final_norm,transformer,16,42,transformer-tasks16-seed42,final_norm,4096,0.5102686332740469
k16_alignment,transformer,2,314159,transformer-tasks02-seed314159,embedding,transformer,16,314159,transformer-tasks16-seed314159,embedding,4096,0.8396130793133205
k16_alignment,transformer,2,314159,transformer-tasks02-seed314159,block_01,transformer,16,314159,transformer-tasks16-seed314159,block_01,4096,0.8630687596967688
k16_alignment,transformer,2,314159,transformer-tasks02-seed314159,block_02,transformer,16,314159,transformer-tasks16-seed314159,block_02,4096,0.8187069141590818
k16_alignment,transformer,2,314159,transformer-tasks02-seed314159,block_03,transformer,16,314159,transformer-tasks16-seed314159,block_03,4096,0.74771398970718
k16_alignment,transformer,2,314159,transformer-tasks02-seed314159,block_04,transformer,16,314159,transformer-tasks16-seed314159,block_04,4096,0.6295395596430079
k16_alignment,transformer,2,314159,transformer-tasks02-seed314159,final_norm,transformer,16,314159,transformer-tasks16-seed314159,final_norm,4096,0.6472875828000612
k16_alignment,transformer,4,17,transformer-tasks04-seed17,embedding,transformer,16,17,transformer-tasks16-seed17,embedding,4096,0.9368066760610917
k16_alignment,transformer,4,17,transformer-tasks04-seed17,block_01,transformer,16,17,transformer-tasks16-seed17,block_01,4096,0.707358143802671
k16_alignment,transformer,4,17,transformer-tasks04-seed17,block_02,transformer,16,17,transformer-tasks16-seed17,block_02,4096,0.737980369105855
k16_alignment,transformer,4,17,transformer-tasks04-seed17,block_03,transformer,16,17,transformer-tasks16-seed17,block_03,4096,0.6958144182435122
k16_alignment,transformer,4,17,transformer-tasks04-seed17,block_04,transformer,16,17,transformer-tasks16-seed17,block_04,4096,0.590789960471082
k16_alignment,transformer,4,17,transformer-tasks04-seed17,final_norm,transformer,16,17,transformer-tasks16-seed17,final_norm,4096,0.6659535301817591
k16_alignment,transformer,4,42,transformer-tasks04-seed42,embedding,transformer,16,42,transformer-tasks16-seed42,embedding,4096,0.8881482162667081
k16_alignment,transformer,4,42,transformer-tasks04-seed42,block_01,transformer,16,42,transformer-tasks16-seed42,block_01,4096,0.5934618867098893
k16_alignment,transformer,4,42,transformer-tasks04-seed42,block_02,transformer,16,42,transformer-tasks16-seed42,block_02,4096,0.6907819637355683
k16_alignment,transformer,4,42,transformer-tasks04-seed42,block_03,transformer,16,42,transformer-tasks16-seed42,block_03,4096,0.6641923474585276
k16_alignment,transformer,4,42,transformer-tasks04-seed42,block_04,transformer,16,42,transformer-tasks16-seed42,block_04,4096,0.5044019214723685
k16_alignment,transformer,4,42,transformer-tasks04-seed42,final_norm,transformer,16,42,transformer-tasks16-seed42,final_norm,4096,0.47131323574593126
k16_alignment,transformer,4,314159,transformer-tasks04-seed314159,embedding,transformer,16,314159,transformer-tasks16-seed314159,embedding,4096,0.935967788045812
k16_alignment,transformer,4,314159,transformer-tasks04-seed314159,block_01,transformer,16,314159,transformer-tasks16-seed314159,block_01,4096,0.8257360822651479
k16_alignment,transformer,4,314159,transformer-tasks04-seed314159,block_02,transformer,16,314159,transformer-tasks16-seed314159,block_02,4096,0.8528630171624781
k16_alignment,transformer,4,314159,transformer-tasks04-seed314159,block_03,transformer,16,314159,transformer-tasks16-seed314159,block_03,4096,0.7850100924336526
k16_alignment,transformer,4,314159,transformer-tasks04-seed314159,block_04,transformer,16,314159,transformer-tasks16-seed314159,block_04,4096,0.6374072724784942
k16_alignment,transformer,4,314159,transformer-tasks04-seed314159,final_norm,transformer,16,314159,transformer-tasks16-seed314159,final_norm,4096,0.6487043449218995
k16_alignment,transformer,8,17,transformer-tasks08-seed17,embedding,transformer,16,17,transformer-tasks16-seed17,embedding,4096,0.9644342104419845
k16_alignment,transformer,8,17,transformer-tasks08-seed17,block_01,transformer,16,17,transformer-tasks16-seed17,block_01,4096,0.8287492984487649
k16_alignment,transformer,8,17,transformer-tasks08-seed17,block_02,transformer,16,17,transformer-tasks16-seed17,block_02,4096,0.7994573238647046
k16_alignment,transformer,8,17,transformer-tasks08-seed17,block_03,transformer,16,17,transformer-tasks16-seed17,block_03,4096,0.7800758808827648
k16_alignment,transformer,8,17,transformer-tasks08-seed17,block_04,transformer,16,17,transformer-tasks16-seed17,block_04,4096,0.6919894547602422
k16_alignment,transformer,8,17,transformer-tasks08-seed17,final_norm,transformer,16,17,transformer-tasks16-seed17,final_norm,4096,0.704773207181355
k16_alignment,transformer,8,42,transformer-tasks08-seed42,embedding,transformer,16,42,transformer-tasks16-seed42,embedding,4096,0.9585947697442564
k16_alignment,transformer,8,42,transformer-tasks08-seed42,block_01,transformer,16,42,transformer-tasks16-seed42,block_01,4096,0.5123892259583618
k16_alignment,transformer,8,42,transformer-tasks08-seed42,block_02,transformer,16,42,transformer-tasks16-seed42,block_02,4096,0.6465833335833043
k16_alignment,transformer,8,42,transformer-tasks08-seed42,block_03,transformer,16,42,transformer-tasks16-seed42,block_03,4096,0.6549732319730437
k16_alignment,transformer,8,42,transformer-tasks08-seed42,block_04,transformer,16,42,transformer-tasks16-seed42,block_04,4096,0.6208053989536724
k16_alignment,transformer,8,42,transformer-tasks08-seed42,final_norm,transformer,16,42,transformer-tasks16-seed42,final_norm,4096,0.6600563585078381
k16_alignment,transformer,8,314159,transformer-tasks08-seed314159,embedding,transformer,16,314159,transformer-tasks16-seed314159,embedding,4096,0.9332880329787375
k16_alignment,transformer,8,314159,transformer-tasks08-seed314159,block_01,transformer,16,314159,transformer-tasks16-seed314159,block_01,4096,0.6548453561159083
k16_alignment,transformer,8,314159,transformer-tasks08-seed314159,block_02,transformer,16,314159,transformer-tasks16-seed314159,block_02,4096,0.7116873501216476
k16_alignment,transformer,8,314159,transformer-tasks08-seed314159,block_03,transformer,16,314159,transformer-tasks16-seed314159,block_03,4096,0.7101419655265087
k16_alignment,transformer,8,314159,transformer-tasks08-seed314159,block_04,transformer,16,314159,transformer-tasks16-seed314159,block_04,4096,0.48621088694567216
k16_alignment,transformer,8,314159,transformer-tasks08-seed314159,final_norm,transformer,16,314159,transformer-tasks16-seed314159,final_norm,4096,0.569470118995785
cross_architecture,transformer,1,17,transformer-tasks01-seed17,final_norm,mlp,1,17,mlp-tasks01-seed17,final_norm,4096,0.5761840348719207
cross_architecture,transformer,1,42,transformer-tasks01-seed42,final_norm,mlp,1,42,mlp-tasks01-seed42,final_norm,4096,0.23048271126105946
cross_architecture,transformer,1,314159,transformer-tasks01-seed314159,final_norm,mlp,1,314159,mlp-tasks01-seed314159,final_norm,4096,0.48983222341859756
cross_architecture,transformer,2,17,transformer-tasks02-seed17,final_norm,mlp,2,17,mlp-tasks02-seed17,final_norm,4096,0.5033705030105526
cross_architecture,transformer,2,42,transformer-tasks02-seed42,final_norm,mlp,2,42,mlp-tasks02-seed42,final_norm,4096,0.47017639365702135
cross_architecture,transformer,2,314159,transformer-tasks02-seed314159,final_norm,mlp,2,314159,mlp-tasks02-seed314159,final_norm,4096,0.6673573217725867
cross_architecture,transformer,4,17,transformer-tasks04-seed17,final_norm,mlp,4,17,mlp-tasks04-seed17,final_norm,4096,0.28145308296917965
cross_architecture,transformer,4,42,transformer-tasks04-seed42,final_norm,mlp,4,42,mlp-tasks04-seed42,final_norm,4096,0.5279941573487844
cross_architecture,transformer,4,314159,transformer-tasks04-seed314159,final_norm,mlp,4,314159,mlp-tasks04-seed314159,final_norm,4096,0.729500189252751
cross_architecture,transformer,8,17,transformer-tasks08-seed17,final_norm,mlp,8,17,mlp-tasks08-seed17,final_norm,4096,0.27615693691620036
cross_architecture,transformer,8,42,transformer-tasks08-seed42,final_norm,mlp,8,42,mlp-tasks08-seed42,final_norm,4096,0.47075457690840433
cross_architecture,transformer,8,314159,transformer-tasks08-seed314159,final_norm,mlp,8,314159,mlp-tasks08-seed314159,final_norm,4096,0.6064654343886483
cross_architecture,transformer,16,17,transformer-tasks16-seed17,final_norm,mlp,16,17,mlp-tasks16-seed17,final_norm,4096,0.6816314635405855
cross_architecture,transformer,16,42,transformer-tasks16-seed42,final_norm,mlp,16,42,mlp-tasks16-seed42,final_norm,4096,0.39347071434305264
cross_architecture,transformer,16,314159,transformer-tasks16-seed314159,final_norm,mlp,16,314159,mlp-tasks16-seed314159,final_norm,4096,0.5229526828135753
random_baseline,mlp,0,17,random-mlp-seed17,embedding,mlp,0,42,random-mlp-seed42,embedding,4096,0.8885908768201923
random_baseline,mlp,0,17,random-mlp-seed17,block_01,mlp,0,42,random-mlp-seed42,block_01,4096,0.7602938128994122
random_baseline,mlp,0,17,random-mlp-seed17,final_norm,mlp,0,42,random-mlp-seed42,final_norm,4096,0.7578396868051974
random_baseline,mlp,0,17,random-mlp-seed17,embedding,mlp,0,314159,random-mlp-seed314159,embedding,4096,0.8966024444292292
random_baseline,mlp,0,17,random-mlp-seed17,block_01,mlp,0,314159,random-mlp-seed314159,block_01,4096,0.7454222363687312
random_baseline,mlp,0,17,random-mlp-seed17,final_norm,mlp,0,314159,random-mlp-seed314159,final_norm,4096,0.7430417830161588
random_baseline,mlp,0,42,random-mlp-seed42,embedding,mlp,0,314159,random-mlp-seed314159,embedding,4096,0.8991197255576547
random_baseline,mlp,0,42,random-mlp-seed42,block_01,mlp,0,314159,random-mlp-seed314159,block_01,4096,0.7783715938518105
random_baseline,mlp,0,42,random-mlp-seed42,final_norm,mlp,0,314159,random-mlp-seed314159,final_norm,4096,0.7755890535466354
random_baseline,transformer,0,17,random-transformer-seed17,embedding,transformer,0,42,random-transformer-seed42,embedding,4096,0.9055860199950057
random_baseline,transformer,0,17,random-transformer-seed17,block_01,transformer,0,42,random-transformer-seed42,block_01,4096,0.8443839853311075
random_baseline,transformer,0,17,random-transformer-seed17,block_02,transformer,0,42,random-transformer-seed42,block_02,4096,0.8812584730930366
random_baseline,transformer,0,17,random-transformer-seed17,block_03,transformer,0,42,random-transformer-seed42,block_03,4096,0.8983204770662578
random_baseline,transformer,0,17,random-transformer-seed17,block_04,transformer,0,42,random-transformer-seed42,block_04,4096,0.8894343197718105
random_baseline,transformer,0,17,random-transformer-seed17,final_norm,transformer,0,42,random-transformer-seed42,final_norm,4096,0.8877406438539005
random_baseline,transformer,0,17,random-transformer-seed17,embedding,transformer,0,314159,random-transformer-seed314159,embedding,4096,0.8934002010003818
random_baseline,transformer,0,17,random-transformer-seed17,block_01,transformer,0,314159,random-transformer-seed314159,block_01,4096,0.8436859711574538
random_baseline,transformer,0,17,random-transformer-seed17,block_02,transformer,0,314159,random-transformer-seed314159,block_02,4096,0.8521039443249874
random_baseline,transformer,0,17,random-transformer-seed17,block_03,transformer,0,314159,random-transformer-seed314159,block_03,4096,0.8791761500738161
random_baseline,transformer,0,17,random-transformer-seed17,block_04,transformer,0,314159,random-transformer-seed314159,block_04,4096,0.8841367287533658
random_baseline,transformer,0,17,random-transformer-seed17,final_norm,transformer,0,314159,random-transformer-seed314159,final_norm,4096,0.8806564435888229
random_baseline,transformer,0,42,random-transformer-seed42,embedding,transformer,0,314159,random-transformer-seed314159,embedding,4096,0.8906762866438797
random_baseline,transformer,0,42,random-transformer-seed42,block_01,transformer,0,314159,random-transformer-seed314159,block_01,4096,0.8398038383761003
random_baseline,transformer,0,42,random-transformer-seed42,block_02,transformer,0,314159,random-transformer-seed314159,block_02,4096,0.8557243209264714
random_baseline,transformer,0,42,random-transformer-seed42,block_03,transformer,0,314159,random-transformer-seed314159,block_03,4096,0.8743786656270645
random_baseline,transformer,0,42,random-transformer-seed42,block_04,transformer,0,314159,random-transformer-seed314159,block_04,4096,0.8805407229746695
random_baseline,transformer,0,42,random-transformer-seed42,final_norm,transformer,0,314159,random-transformer-seed314159,final_norm,4096,0.881645243287608
