architecture,trained_task_count,task_status,task_count,seed_count,loss_mean,loss_sample_sd,token_accuracy_mean,token_accuracy_sample_sd,sequence_accuracy_mean,sequence_accuracy_sample_sd,in_domain_sequence_accuracy_mean,sequence_accuracy_delta_out_minus_in_mean,sequence_accuracy_delta_out_minus_in_sample_sd
mlp,1,fixed_train_holdout,3,3,10.224701216280447,0.4601896810318801,0.1349023948920742,0.0332772918417363,0.009666666666666665,0.0072648315725677886,0.02282222222222222,-0.013155555555555554,0.007280211637135384
mlp,1,pool_unseen,15,3,10.047990057662139,0.4989382198414946,0.1314586460345669,0.03352214900224963,0.009755555555555556,0.002982417612410243,0.08376,-0.07400444444444444,0.0031156760160576742
mlp,1,seen,1,3,9.327170324961344,1.4519166107155945,0.10766666666666667,0.038445849364181474,0.0016666666666666668,0.0020816659994661326,0.5028666666666667,-0.5012,0.006743886120034942
mlp,2,fixed_train_holdout,3,3,10.567769965932989,0.4322201799611019,0.11773048064246276,0.012050436784724446,0.0006666666666666666,0.0005773502691896258,0.018511111111111114,-0.017844444444444444,0.0010590002273283422
mlp,2,pool_unseen,14,3,10.3834884906899,0.33711258201698896,0.11486170085191628,0.012323458980077666,0.003928571428571429,0.001426784596817013,0.0683095238095238,-0.06438095238095239,0.0006156684327197717
mlp,2,seen,2,3,8.579045928319296,1.5678105389686658,0.13549999999999998,0.01765467360219384,0.017666666666666667,0.009115005942583545,0.5054,-0.48773333333333335,0.01264331180242476
mlp,4,fixed_train_holdout,3,3,6.628936575861181,0.45411115299996246,0.3749784522258917,0.025705930683003673,0.04255555555555555,0.018446117728651176,0.03768888888888889,0.0048666666666666615,0.023806721739878422
mlp,4,pool_unseen,12,3,7.678272376202038,0.4640472144073878,0.3379726065708057,0.026350090231763625,0.008027777777777778,0.004809086692378795,0.04251666666666667,-0.03448888888888889,0.025370161461697335
mlp,4,seen,4,3,5.333849792680809,0.3872445561454349,0.45103882838148013,0.04451794970656433,0.025166666666666667,0.009982275959586237,0.4413666666666667,-0.41620000000000007,0.00872338810325438
mlp,8,fixed_train_holdout,3,3,7.975669127661163,0.5010698484956105,0.38241855087266985,0.012990221031150289,0.051333333333333335,0.028005951748393293,2.2222222222222223e-05,0.05131111111111111,0.02802580821182372
mlp,8,pool_unseen,8,3,10.466882354021203,0.505047679887033,0.3854590616557485,0.025968147062555173,0.018041666666666668,0.014268810683912423,0.018166666666666668,-0.0001250000000000001,0.01634371056400596
mlp,8,seen,8,3,6.813986768131336,0.8159003265730229,0.43977396359355675,0.014132527706806576,0.04075,0.00965660395791398,0.39553333333333335,-0.3547833333333334,0.02143910465325764
mlp,16,fixed_train_holdout,3,3,6.619971778049812,0.6678410731165456,0.27323265768233185,0.05690080804669132,0.0036666666666666666,0.003214550253664318,0.012733333333333333,-0.009066666666666666,0.00623360070727808
mlp,16,seen,16,3,5.165293777314372,0.36741446152071205,0.33645171039238314,0.06410345520622093,0.026270833333333337,0.004746023554864992,0.34400000000000003,-0.3177291666666667,0.004586432664210083
transformer,1,fixed_train_holdout,3,3,11.181112287695626,0.27530747324075744,0.15566720307654425,0.03244748711692535,0.0,0.0,0.01828888888888889,-0.01828888888888889,0.002568469785112731
transformer,1,pool_unseen,15,3,9.432695150012728,0.2557079555755685,0.23990323570400143,0.013370871377423517,0.01626666666666667,0.0010477489097001139,0.07512,-0.058853333333333334,0.0034232927618498125
transformer,1,seen,1,3,5.4493886082967125,0.6824216597102529,0.2831666666666667,0.043503831248906485,0.04033333333333333,0.009291573243177568,0.7624666666666666,-0.7221333333333333,0.05860523298591459
transformer,2,fixed_train_holdout,3,3,11.888191452829412,1.0001379334902907,0.1503028271661391,0.04593711759193111,0.0,0.0,0.021755555555555556,-0.021755555555555556,0.0039812523620552315
transformer,2,pool_unseen,14,3,10.285856434089835,0.6033065231962449,0.24391850699455855,0.035025115686590585,0.016714285714285713,0.00178999486944881,0.073,-0.05628571428571429,0.004775532879764757
transformer,2,seen,2,3,3.6319141057332356,0.2390164108036591,0.5371666666666667,0.03610517045152031,0.11433333333333333,0.028728615235220318,0.8974666666666667,-0.7831333333333333,0.024142148482132527
transformer,4,fixed_train_holdout,3,3,6.049865385540812,0.33916007750741706,0.34420589788023315,0.007754086080795323,0.0001111111111111111,0.00019245008972987524,0.020733333333333333,-0.020622222222222222,0.002328884648002925
transformer,4,pool_unseen,12,3,6.384859649507899,0.522566881327569,0.3443469746956452,0.025758512782690347,0.02438888888888889,0.012776479402633807,0.07517222222222222,-0.05078333333333334,0.012135839942546673
transformer,4,seen,4,3,2.5085909643337456,0.4837430166686625,0.5860343394785694,0.03660734938357623,0.21258333333333335,0.05932554958307032,0.6801833333333334,-0.4676,0.061772586962179264
transformer,8,fixed_train_holdout,3,3,6.429900388300666,0.916281972851206,0.31119715130188025,0.03205565119964642,0.0012222222222222224,0.0010715167512214394,0.010733333333333333,-0.009511111111111109,0.011831470901950596
transformer,8,pool_unseen,8,3,6.904379551245394,0.2297995279248182,0.3461622615725742,0.04848304149298288,0.024041666666666666,0.02053667958393794,0.027733333333333332,-0.0036916666666666647,0.01364419137704149
transformer,8,seen,8,3,3.4660848855006834,0.39431993424508505,0.5071057962021918,0.05433724709361951,0.14108333333333334,0.010625245095212309,0.5960333333333333,-0.45495,0.010297178011474804
transformer,16,fixed_train_holdout,3,3,5.008070460448687,0.7532807143598103,0.3401392642277525,0.03891646702985505,0.0,0.0,0.003977777777777778,-0.003977777777777778,0.00414210538700273
transformer,16,seen,16,3,1.6038149251795026,0.04831374340162317,0.6183576071260627,0.002799881121733141,0.1835,0.00799120610421229,0.4858291666666667,-0.30232916666666665,0.015762516521270756
