architecture,condition,layer,probe_task_family,seed_count,length_conditioned_r2_delta_mean,length_conditioned_r2_delta_sample_sd,pearson_r_delta_mean,pearson_r_delta_sample_sd,normalized_rmse_delta_mean,normalized_rmse_delta_sample_sd,exact_accuracy_delta_mean,exact_accuracy_delta_sample_sd,length_mode_baseline_accuracy_delta_mean,length_mode_baseline_accuracy_delta_sample_sd,exact_accuracy_minus_baseline_delta_mean,exact_accuracy_minus_baseline_delta_sample_sd
transformer,encoding_e4,embedding,local,3,-1.3877787807814457e-17,2.7755575615628914e-17,-0.00016708582478320525,0.0009636289517855628,0.0,0.0,0.0,0.0,0.0,0.0,0.0,0.0
transformer,encoding_e4,embedding,positional,3,9.25185853854297e-18,3.204937810639273e-17,0.001435114173338756,0.001015009102236437,0.0,0.0,0.0,0.0,0.0,0.0,0.0,0.0
transformer,encoding_e4,embedding,cycle,3,1.850371707708594e-17,8.012344526598183e-18,0.0014753672604535945,0.0020602920698478593,0.0,0.0,0.0,0.0,0.0,0.0,0.0,0.0
transformer,encoding_e4,embedding,global_run,3,0.0,0.0,0.0012717412237802123,0.001831116503155867,0.0,0.0,0.0,0.0,0.0,0.0,0.0,0.0
transformer,encoding_e4,embedding,all,3,3.469446951953614e-18,1.2509268882771003e-17,0.0010037842081973395,0.0003808457003907249,-1.4802973661668753e-16,1.2819751242557092e-16,0.0,0.0,0.0,0.0,0.0,0.0
transformer,encoding_e4,block_01,local,3,0.05880817844635076,0.0177667430908576,0.1076713719412226,0.03054009207939937,-0.03143513939687392,0.009490245431762127,0.0015665690104166667,0.003280119152326614,0.0,0.0,0.0015665690104166667,0.003280119152326614
transformer,encoding_e4,block_01,positional,3,0.13618368349437782,0.06369856066002179,0.13136250235733649,0.060604670086202427,-0.08461600211230431,0.03823696187763816,0.0225067138671875,0.01987186493979072,0.0,0.0,0.0225067138671875,0.01987186493979072
transformer,encoding_e4,block_01,cycle,3,-0.03776400497374106,0.011993334231897967,-0.05150213692091438,0.01758749624833363,0.02071759528011193,0.006498486676859663,-0.009958902994791666,0.003658812416309073,0.0,0.0,-0.009958902994791666,0.003658812416309073
transformer,encoding_e4,block_01,global_run,3,0.17108020496198448,0.043504706180068894,0.19222723652524984,0.045651132983390005,-0.11000988682629757,0.028068013932125553,0.019770304361979168,0.013031768180948844,0.0,0.0,0.019770304361979168,0.013031768180948844
transformer,encoding_e4,block_01,all,3,0.08207701548224298,0.03343477476991044,0.0949397434757236,0.03679588903447666,-0.05133585826384098,0.020154695419052803,0.008471171061197916,0.009496623783025349,0.0,0.0,0.008471171061197916,0.009496623783025349
transformer,encoding_e4,block_02,local,3,0.16284193752260384,0.04283864330115393,0.2185337694403363,0.043688561004494225,-0.09161012177607548,0.025135400999846038,0.017476399739583332,0.005911364642141603,0.0,0.0,0.017476399739583332,0.005911364642141603
transformer,encoding_e4,block_02,positional,3,0.15855942245801918,0.06615798522220889,0.11638102546047928,0.04334844790840569,-0.1171757796483874,0.05312732086536423,0.048482259114583336,0.031150982616747872,0.0,0.0,0.048482259114583336,0.031150982616747872
transformer,encoding_e4,block_02,cycle,3,0.01090438548749994,0.016866201768929674,0.031221013991456253,0.021085022940208267,-0.005755496240722913,0.009438436318622236,0.006520589192708333,0.005948781987866608,0.0,0.0,0.006520589192708333,0.005948781987866608
transformer,encoding_e4,block_02,global_run,3,0.19073748778649038,0.04552595968757526,0.168144320103767,0.03481128983209539,-0.13787093121709815,0.03450886511907662,0.025990804036458332,0.009994732026725149,0.0,0.0,0.025990804036458332,0.009994732026725149
transformer,encoding_e4,block_02,all,3,0.13076080831365333,0.0426888898692103,0.13357003224900973,0.03566337000171313,-0.08810308222057095,0.0304314340343033,0.024617513020833332,0.013220408006151017,0.0,0.0,0.024617513020833332,0.013220408006151017
transformer,encoding_e4,block_03,local,3,0.1829999143740354,0.026973540153369238,0.2367367344453942,0.025596531834774804,-0.10366031281941952,0.016115589436228307,0.019938151041666668,0.004158946176210612,0.0,0.0,0.019938151041666668,0.004158946176210612
transformer,encoding_e4,block_03,positional,3,0.1452538758044977,0.05164098265190937,0.10448644069035255,0.034784921091207975,-0.10949612517269036,0.04091095120482897,0.045201619466145836,0.022326358218173636,0.0,0.0,0.045201619466145836,0.022326358218173636
transformer,encoding_e4,block_03,cycle,3,0.016005030919397433,0.018044094809900282,0.041667114088129086,0.026677869709440413,-0.008478408620768244,0.010075073994745318,0.0070648193359375,0.008183136497050412,0.0,0.0,0.0070648193359375,0.008183136497050412
transformer,encoding_e4,block_03,global_run,3,0.194162512887785,0.028181707208362234,0.1672366215574064,0.022170000166990805,-0.14247406030138235,0.021142181755811115,0.027491251627604168,0.0068054427301911325,0.0,0.0,0.027491251627604168,0.0068054427301911325
transformer,encoding_e4,block_03,all,3,0.1346053334964289,0.030570432678342453,0.1375317276953206,0.026748016780180267,-0.09102722672856516,0.021683941396991504,0.024923960367838543,0.01034228614758017,0.0,0.0,0.024923960367838543,0.01034228614758017
transformer,encoding_e4,block_04,local,3,0.18601116888144176,0.010768297115024146,0.23955110236797586,0.009789449415394693,-0.1053233122059311,0.006316253643659306,0.0221710205078125,0.003571078270524149,0.0,0.0,0.0221710205078125,0.003571078270524149
transformer,encoding_e4,block_04,positional,3,0.14610444327860908,0.03537745910746539,0.10582711862213053,0.023314459101439502,-0.10898801462662566,0.028319295915014104,0.048024495442708336,0.01809529194756705,0.0,0.0,0.048024495442708336,0.01809529194756705
transformer,encoding_e4,block_04,cycle,3,0.020207412834043318,0.006668898442657116,0.05179412313319156,0.0070441643792273695,-0.010650643331644782,0.0037155216373033592,0.0103759765625,0.002580901370508675,0.0,0.0,0.0103759765625,0.002580901370508675
transformer,encoding_e4,block_04,global_run,3,0.1903142990516317,0.015333259848813114,0.16324401401876912,0.01208181093483743,-0.14018594087006445,0.011782249102291283,0.028635660807291668,0.0027787898582569146,0.0,0.0,0.028635660807291668,0.0027787898582569146
transformer,encoding_e4,block_04,all,3,0.13565933101143143,0.015007260224514471,0.14010408953551676,0.011545357911635752,-0.09128697775856653,0.011290351159697964,0.027301788330078125,0.0049448821669089505,0.0,0.0,0.027301788330078125,0.0049448821669089505
transformer,encoding_e4,final_norm,local,3,0.1841242071258343,0.00827454001322532,0.23913241719876635,0.00790885403580802,-0.10414634886980996,0.004818213119943286,0.022730509440104168,0.0008591569999699229,0.0,0.0,0.022730509440104168,0.0008591569999699229
transformer,encoding_e4,final_norm,positional,3,0.14232942390467931,0.03567350873147832,0.10352783300641925,0.023804934646597525,-0.10584905615632945,0.028185478916649537,0.0449066162109375,0.018571037066105432,0.0,0.0,0.0449066162109375,0.018571037066105432
transformer,encoding_e4,final_norm,cycle,3,0.01922536580782812,0.006683977395128998,0.04952582295893556,0.008812095369911439,-0.010123953302527097,0.003684175853006107,0.009877522786458334,0.002689286720190142,0.0,0.0,0.009877522786458334,0.002689286720190142
transformer,encoding_e4,final_norm,global_run,3,0.18828278951649965,0.0153532756201631,0.162013548314645,0.012239456148012789,-0.13847496806721346,0.011388327828260731,0.029398600260416668,0.0014727959419057349,0.0,0.0,0.029398600260416668,0.0014727959419057349
transformer,encoding_e4,final_norm,all,3,0.13349044658871034,0.01519617272896994,0.13854990536969156,0.012444146456665127,-0.08964858159897,0.011221967688090858,0.026728312174479168,0.005447631228548056,0.0,0.0,0.026728312174479168,0.005447631228548056
transformer,statistics_s4,embedding,local,3,-1.850371707708594e-17,4.461084631790955e-17,0.0002905219393022315,0.0007107144450056942,0.0,0.0,0.0,0.0,0.0,0.0,0.0,0.0
transformer,statistics_s4,embedding,positional,3,9.25185853854297e-18,1.6024689053196365e-17,0.0009237801601635916,0.0007826385545113267,0.0,0.0,0.0,0.0,0.0,0.0,0.0,0.0
transformer,statistics_s4,embedding,cycle,3,1.3877787807814457e-17,1.3877787807814457e-17,0.00010509188290306114,0.0003164599471253475,0.0,0.0,0.0,0.0,0.0,0.0,0.0,0.0
transformer,statistics_s4,embedding,global_run,3,0.0,0.0,-2.0582571624511794e-05,0.0019797262798349467,0.0,0.0,0.0,0.0,0.0,0.0,0.0,0.0
transformer,statistics_s4,embedding,all,3,1.1564823173178713e-18,1.6395966619996874e-17,0.00032470285268609324,0.0005335961435623751,-1.4802973661668753e-16,1.2819751242557092e-16,0.0,0.0,0.0,0.0,0.0,0.0
transformer,statistics_s4,block_01,local,3,0.13663740545897265,0.0182918791027925,0.20961965003616537,0.018325267542827515,-0.07480419635582518,0.010782667611064655,0.016642252604166668,0.004285664818304163,0.0,0.0,0.016642252604166668,0.004285664818304163
transformer,statistics_s4,block_01,positional,3,0.28065774615481764,0.006957498636512478,0.2443532038231473,0.0106649776503597,-0.18222249692749437,0.0061815194654194485,0.0684356689453125,0.004797742794643385,0.0,0.0,0.0684356689453125,0.004797742794643385
transformer,statistics_s4,block_01,cycle,3,0.008518755449073273,0.012152159277124503,0.032585407494356566,0.021251513222391313,-0.004006691911828601,0.006545075586983756,0.009206136067708334,0.004788983365121247,0.0,0.0,0.009206136067708334,0.004788983365121247
transformer,statistics_s4,block_01,global_run,3,0.2543596771598664,0.010747601501137377,0.26268257314850263,0.008164671980360059,-0.1664703209293872,0.010942678069808089,0.042261759440104164,0.006869410126213089,0.0,0.0,0.042261759440104164,0.006869410126213089
transformer,statistics_s4,block_01,all,3,0.1700433960556825,0.005278263335305293,0.187310208625543,0.0015558089405040742,-0.10687592653113387,0.005425752945314761,0.034136454264322914,0.004026073373424088,0.0,0.0,0.034136454264322914,0.004026073373424088
transformer,statistics_s4,block_02,local,3,0.30275725485265254,0.002146902263742439,0.34403034735844623,0.0016463174202451338,-0.17939857335067963,0.0016327375161081905,0.0545501708984375,0.0016920751830257529,0.0,0.0,0.0545501708984375,0.0016920751830257529
transformer,statistics_s4,block_02,positional,3,0.24681805268503987,0.012914594954502472,0.17374545520427317,0.007392479378430767,-0.18987781947314586,0.012253708087521997,0.09554036458333333,0.012584064356883102,0.0,0.0,0.09554036458333333,0.012584064356883102
transformer,statistics_s4,block_02,cycle,3,0.053048581732620566,0.013224359824138195,0.09528621656302204,0.012093088305799814,-0.029188813718575585,0.007773434409117556,0.020131429036458332,0.0030360517060530434,0.0,0.0,0.020131429036458332,0.0030360517060530434
transformer,statistics_s4,block_02,global_run,3,0.2881589745799728,0.010503978950788464,0.2376866714521273,0.007821089420427791,-0.21484837020749034,0.00832936893490314,0.06484476725260417,0.0005914298242248724,0.0,0.0,0.06484476725260417,0.0005914298242248724
transformer,statistics_s4,block_02,all,3,0.22269571596257146,0.009294951404866535,0.2126871726444672,0.006474453381342401,-0.15332839418747282,0.006979577584190023,0.058766682942708336,0.0041979462290489865,0.0,0.0,0.058766682942708336,0.0041979462290489865
transformer,statistics_s4,block_03,local,3,0.3052347183744647,0.007149127560832587,0.34291125548364004,0.006385151377755656,-0.18138619600030736,0.004552282082068622,0.053644816080729164,0.001493907403300784,0.0,0.0,0.053644816080729164,0.001493907403300784
transformer,statistics_s4,block_03,positional,3,0.2267589505519825,0.026444911018783934,0.15676982194388012,0.017214952473799706,-0.1776402847639529,0.022869383259212703,0.09003702799479167,0.015709086993641666,0.0,0.0,0.09003702799479167,0.015709086993641666
transformer,statistics_s4,block_03,cycle,3,0.06691139858381595,0.011500478694247349,0.11492478495680238,0.014902770787529874,-0.03692152479081323,0.00673300235257892,0.024993896484375,0.0025219044117589197,0.0,0.0,0.024993896484375,0.0025219044117589197
transformer,statistics_s4,block_03,global_run,3,0.2816213261593787,0.00827454671276568,0.22871829705876448,0.007061796258286142,-0.21221825385699974,0.006391485480777865,0.06387837727864583,0.0036839891189848284,0.0,0.0,0.06387837727864583,0.0036839891189848284
transformer,statistics_s4,block_03,all,3,0.22013159841741045,0.012626448384995543,0.21083103986077179,0.01047558105419348,-0.15204156485301834,0.009679711619887066,0.058138529459635414,0.004240701914560693,0.0,0.0,0.058138529459635414,0.004240701914560693
transformer,statistics_s4,block_04,local,3,0.2923504510628147,0.009760876132682705,0.33181478785915347,0.008863379729112317,-0.17295327352460854,0.006171501424332452,0.050272623697916664,0.0004348977958802429,0.0,0.0,0.050272623697916664,0.0004348977958802429
transformer,statistics_s4,block_04,positional,3,0.22573837036158095,0.03282811240315395,0.15697257525245448,0.02078551791776762,-0.1749014579614149,0.028954688371965177,0.090728759765625,0.022851920328843624,0.0,0.0,0.090728759765625,0.022851920328843624
transformer,statistics_s4,block_04,cycle,3,0.09047374136017335,0.019444183897954714,0.14404495336462114,0.020398936752069552,-0.050472162653602215,0.011349130002639032,0.035868326822916664,0.006600662439072957,0.0,0.0,0.035868326822916664,0.006600662439072957
transformer,statistics_s4,block_04,global_run,3,0.26776354327262764,0.013941743181685323,0.21921305561007667,0.010741075164015472,-0.19994463521448058,0.010553296024469347,0.060099283854166664,0.002865254980878664,0.0,0.0,0.060099283854166664,0.002865254980878664
transformer,statistics_s4,block_04,all,3,0.21908152651429913,0.018384074514131227,0.21301134302157645,0.014800046137930237,-0.1495678823385266,0.013722579685690964,0.05924224853515625,0.007621370864766526,0.0,0.0,0.05924224853515625,0.007621370864766526
transformer,statistics_s4,final_norm,local,3,0.27896679867882634,0.00852165864756034,0.32214036504643545,0.00814563421742024,-0.16411082728088613,0.005276628808185541,0.0493011474609375,0.0013708304508327723,0.0,0.0,0.0493011474609375,0.0013708304508327723
transformer,statistics_s4,final_norm,positional,3,0.21433897605948524,0.033511883630046334,0.1502657391022547,0.021627490463677707,-0.16431191149828248,0.028499955959550738,0.08537801106770833,0.022369178330395693,0.0,0.0,0.08537801106770833,0.022369178330395693
transformer,statistics_s4,final_norm,cycle,3,0.08761339512714095,0.01927859453054964,0.14174910223263934,0.020379093988448643,-0.04874193921947042,0.011234597494187776,0.0354461669921875,0.005963376058891565,0.0,0.0,0.0354461669921875,0.005963376058891565
transformer,statistics_s4,final_norm,global_run,3,0.25210910279014254,0.016067087709173387,0.2088670356751836,0.012570224309973677,-0.18635985922294196,0.012150055449062985,0.057545979817708336,0.0014693139004900316,0.0,0.0,0.057545979817708336,0.0014693139004900316
transformer,statistics_s4,final_norm,all,3,0.20825706816389875,0.01860794509752499,0.20575556051412827,0.015214996304035545,-0.1408811343053953,0.013656311147820961,0.056917826334635414,0.0072676203637517586,0.0,0.0,0.056917826334635414,0.0072676203637517586
transformer,algebra_a4,embedding,local,3,0.0,1.3877787807814457e-17,-0.00034919097352899796,0.0011997806578235464,0.0,0.0,0.0,0.0,0.0,0.0,0.0,0.0
transformer,algebra_a4,embedding,positional,3,0.0,2.7755575615628914e-17,0.0004846693772772691,0.0005747375059952858,0.0,0.0,0.0,0.0,0.0,0.0,0.0,0.0
transformer,algebra_a4,embedding,cycle,3,4.625929269271485e-18,8.012344526598183e-18,0.0011462465421975836,0.0012334471815691618,0.0,0.0,0.0,0.0,0.0,0.0,0.0,0.0
transformer,algebra_a4,embedding,global_run,3,0.0,0.0,0.0009060178732624204,0.0021927457114935263,0.0,0.0,0.0,0.0,0.0,0.0,0.0,0.0
transformer,algebra_a4,embedding,all,3,1.1564823173178713e-18,1.1152711579477387e-17,0.0005469357048020687,0.0006870339442736697,-1.4802973661668753e-16,1.2819751242557092e-16,0.0,0.0,0.0,0.0,0.0,0.0
transformer,algebra_a4,block_01,local,3,0.09592855209329315,0.008848102744227197,0.15938882628781983,0.01728669973266665,-0.051908974247774776,0.004678026357735438,0.005101521809895833,0.0010181550155853375,0.0,0.0,0.005101521809895833,0.0010181550155853375
transformer,algebra_a4,block_01,positional,3,0.14274680184890284,0.005663364600704805,0.13269798830615712,0.0033990338807860345,-0.09204691408887988,0.003420401389230134,0.0268707275390625,0.0013388663583387037,0.0,0.0,0.0268707275390625,0.0013388663583387037
transformer,algebra_a4,block_01,cycle,3,-0.0325555786628405,0.0033366428776106633,-0.04443871452269004,0.008456867044382631,0.017947790843502214,0.0017071132795407258,-0.009740193684895834,0.003984570140049227,0.0,0.0,-0.009740193684895834,0.003984570140049227
transformer,algebra_a4,block_01,global_run,3,0.19239194893723113,0.006981990854463387,0.21441974376735118,0.012858198041814043,-0.12305316934176917,0.0036085042609579863,0.018152872721354168,0.002442423290764798,0.0,0.0,0.018152872721354168,0.002442423290764798
transformer,algebra_a4,block_01,all,3,0.09962793105414665,0.003695827874438106,0.1155169609596595,0.00649611643560417,-0.062265316708730443,0.0018744257227088024,0.010096232096354166,0.000424963667414571,0.0,0.0,0.010096232096354166,0.000424963667414571
transformer,algebra_a4,block_02,local,3,0.09210047967675102,0.012572697247601414,0.14246496375447196,0.016582295452320997,-0.050496750469665765,0.00705095373441957,0.004857381184895833,0.00348386369326458,0.0,0.0,0.004857381184895833,0.00348386369326458
transformer,algebra_a4,block_02,positional,3,0.03577773853231886,0.02718401380292994,0.02812663910544133,0.022113968550515634,-0.02721750197401192,0.01758319077250873,0.0029856363932291665,0.007380228986601287,0.0,0.0,0.0029856363932291665,0.007380228986601287
transformer,algebra_a4,block_02,cycle,3,-0.020499021873464404,0.010302414733160561,-0.012496456305780354,0.018720416966338967,0.011631951765434856,0.005544343263249201,-0.004023234049479167,0.0041522508080297366,0.0,0.0,-0.004023234049479167,0.0041522508080297366
transformer,algebra_a4,block_02,global_run,3,0.09003352496841342,0.004412428796778591,0.08943704969516315,0.004364004991581794,-0.06334835734442686,0.00265095606581011,-0.0023396809895833335,0.004032893426810577,0.0,0.0,-0.0023396809895833335,0.004032893426810577
transformer,algebra_a4,block_02,all,3,0.04935318032600471,0.011123891333159084,0.06188304906232406,0.01302890068934469,-0.03235766450566746,0.006730398061238679,0.000370025634765625,0.0032533329786981714,0.0,0.0,0.000370025634765625,0.0032533329786981714
transformer,algebra_a4,block_03,local,3,0.08707792952666205,0.013716501290077643,0.1351923877231983,0.018047498965351755,-0.04764030096725824,0.007668135048299182,0.0016326904296875,0.002899049455248001,0.0,0.0,0.0016326904296875,0.002899049455248001
transformer,algebra_a4,block_03,positional,3,0.012358911514150953,0.023384259054905026,0.01029735862795722,0.018433060477746423,-0.010475497872762732,0.01534520208382855,-0.0029246012369791665,0.007097557021339511,0.0,0.0,-0.0029246012369791665,0.007097557021339511
transformer,algebra_a4,block_03,cycle,3,-0.015850217460690822,0.007721815967723889,-0.001734316471411701,0.00990011972153053,0.00905054314670554,0.004041571813064699,-0.0006917317708333334,0.0025749102933698763,0.0,0.0,-0.0006917317708333334,0.0025749102933698763
transformer,algebra_a4,block_03,global_run,3,0.07522568410768256,0.0031988350987318345,0.07524492307967674,0.002990261606921553,-0.052846022025059024,0.0017747043082521222,-0.0030975341796875,0.002437779593938174,0.0,0.0,-0.0030975341796875,0.002437779593938174
transformer,algebra_a4,block_03,all,3,0.03970307692195116,0.008377059974254678,0.054750088239855166,0.00740475837696074,-0.025477819429593596,0.005146487952813222,-0.001270294189453125,0.0016818316284171444,0.0,0.0,-0.001270294189453125,0.0016818316284171444
transformer,algebra_a4,block_04,local,3,0.07465148830276985,0.005259893547173961,0.11993615410088197,0.006942057051942758,-0.040487719636674004,0.002986364419220999,0.0017954508463541667,0.0022597608915173348,0.0,0.0,0.0017954508463541667,0.0022597608915173348
transformer,algebra_a4,block_04,positional,3,-0.002916449421087227,0.015994778946417952,-0.0007646006021034083,0.012484455173596032,0.0009080054238402857,0.01042044854623728,-0.007680257161458333,0.0063101381098455145,0.0,0.0,-0.007680257161458333,0.0063101381098455145
transformer,algebra_a4,block_04,cycle,3,-0.015211607743597913,0.0015041459060805289,-0.0014783276628245745,0.0030119600715930225,0.00867629562993085,0.0009014918642018372,-0.0009714762369791666,0.003685000191234125,0.0,0.0,-0.0009714762369791666,0.003685000191234125
transformer,algebra_a4,block_04,global_run,3,0.05237615212057287,0.008102188346817214,0.05481075420657163,0.006887236066189246,-0.03693740997648657,0.005768979972507843,-0.00506591796875,0.0044989369315559646,0.0,0.0,-0.00506591796875,0.0044989369315559646
transformer,algebra_a4,block_04,all,3,0.02722489581466439,0.004895500994750303,0.04312599501063141,0.0037318978975467874,-0.0169602071398474,0.0032509289002354597,-0.0029805501302083335,0.0025086219958293542,0.0,0.0,-0.0029805501302083335,0.0025086219958293542
transformer,algebra_a4,final_norm,local,3,0.07349905364029145,0.010446138657192964,0.11962346632219147,0.01377792140011682,-0.039834819766992324,0.005855307114328347,0.004150390625,0.0022565989912595864,0.0,0.0,0.004150390625,0.0022565989912595864
transformer,algebra_a4,final_norm,positional,3,-0.004653730415683714,0.010130529037823261,-0.0016815283184539915,0.007962045062325946,0.0022503037782407587,0.006238236442887337,-0.0065460205078125,0.004016946862623916,0.0,0.0,-0.0065460205078125,0.004016946862623916
transformer,algebra_a4,final_norm,cycle,3,-0.012382420400429006,0.0049003694410034064,0.0034084372754632497,0.01077945216003911,0.007165206721507962,0.0025158329273747898,-0.0002899169921875,0.002996788879286804,0.0,0.0,-0.0002899169921875,0.002996788879286804
transformer,algebra_a4,final_norm,global_run,3,0.046745604275825935,0.011358087305916083,0.04970437804918596,0.010091285560041368,-0.03280949278141665,0.008185822806731668,-0.0019175211588541667,0.005072746117980267,0.0,0.0,-0.0019175211588541667,0.005072746117980267
transformer,algebra_a4,final_norm,all,3,0.025802126775001172,0.004709594146711056,0.042763688332096685,0.006779238736836022,-0.01580720051216511,0.0030021546001701644,-0.0011507670084635417,0.002635186502212989,0.0,0.0,-0.0011507670084635417,0.002635186502212989
mlp,encoding_e4,embedding,local,3,1.850371707708594e-17,8.012344526598183e-18,-0.0016286161709954735,0.0014630385272207697,0.0,0.0,0.0,0.0,0.0,0.0,0.0,0.0
mlp,encoding_e4,embedding,positional,3,-1.850371707708594e-17,4.239734207189668e-17,-0.0007161637159779117,0.0007087768435393383,0.0,0.0,0.0,0.0,0.0,0.0,0.0,0.0
mlp,encoding_e4,embedding,cycle,3,4.625929269271485e-18,8.012344526598183e-18,0.0017558461152766451,0.001044681851907373,0.0,0.0,0.0,0.0,0.0,0.0,0.0,0.0
mlp,encoding_e4,embedding,global_run,3,0.0,0.0,0.00012135943780647235,0.0024513996555416916,0.0,0.0,0.0,0.0,0.0,0.0,0.0,0.0
mlp,encoding_e4,embedding,all,3,1.1564823173178713e-18,1.2184297266557863e-17,-0.00011689358347256695,0.00020346502853938028,-7.401486830834377e-17,1.2819751242557092e-16,0.0,0.0,0.0,0.0,0.0,0.0
mlp,encoding_e4,block_01,local,3,0.09281921798280564,0.017878026390345015,0.290185876638443,0.026849036600352292,-0.04861541252883143,0.009590921023130238,0.0229644775390625,0.006912399862566074,0.0,0.0,0.0229644775390625,0.006912399862566074
mlp,encoding_e4,block_01,positional,3,0.32918071011864725,0.02410237894852211,0.4753441977267308,0.023534617354632095,-0.18941477817754715,0.015601940181288045,0.09327189127604167,0.006791144024865056,0.0,0.0,0.09327189127604167,0.006791144024865056
mlp,encoding_e4,block_01,cycle,3,0.06249083285108751,0.009341851824503356,0.2013799391254123,0.023405040566541257,-0.03224413302425877,0.00490142024270153,0.031672159830729164,0.011692776639083236,0.0,0.0,0.031672159830729164,0.011692776639083236
mlp,encoding_e4,block_01,global_run,3,0.22009115196995488,0.03043290441558774,0.40524566780365684,0.03153689779950243,-0.12819663487377828,0.01899489848732148,0.062062581380208336,0.0105131764766173,0.0,0.0,0.062062581380208336,0.0105131764766173
mlp,encoding_e4,block_01,all,3,0.1761454782306238,0.01981627312180956,0.3430389203235607,0.024413246530863086,-0.09961773965110395,0.011915550655821457,0.052492777506510414,0.008810039274428525,0.0,0.0,0.052492777506510414,0.008810039274428525
mlp,encoding_e4,final_norm,local,3,0.0762766581020989,0.004341719145207641,0.264319935797485,0.012559241316736192,-0.0396994122613081,0.0022387489272410774,0.012105305989583334,0.005113637374607301,0.0,0.0,0.012105305989583334,0.005113637374607301
mlp,encoding_e4,final_norm,positional,3,0.30227910175454725,0.011571530000434975,0.45116836200208416,0.019511218956057313,-0.1719692189803015,0.006876195155874979,0.07221476236979167,0.014124927875206658,0.0,0.0,0.07221476236979167,0.014124927875206658
mlp,encoding_e4,final_norm,cycle,3,0.04794564258197559,0.015867254160418346,0.163115107751693,0.04973450793068028,-0.0246497163039876,0.008280287882131919,0.019526163736979168,0.007753271858470153,0.0,0.0,0.019526163736979168,0.007753271858470153
mlp,encoding_e4,final_norm,global_run,3,0.19874392376960834,0.004914374418114288,0.37999907578566594,0.009658444758424553,-0.11494345465920748,0.002938146761450594,0.044408162434895836,0.0125198557975785,0.0,0.0,0.044408162434895836,0.0125198557975785
mlp,encoding_e4,final_norm,all,3,0.15631133155205754,0.0075676811355653364,0.314650620334232,0.021553189084592996,-0.08781545055120117,0.003996235132875798,0.0370635986328125,0.009467532213599614,0.0,0.0,0.0370635986328125,0.009467532213599614
mlp,statistics_s4,embedding,local,3,9.25185853854297e-18,1.6024689053196365e-17,0.0015939560199144094,0.001194856860204503,0.0,0.0,0.0,0.0,0.0,0.0,0.0,0.0
mlp,statistics_s4,embedding,positional,3,9.25185853854297e-18,1.6024689053196365e-17,-0.0008657201496219614,0.0016344750439591343,0.0,0.0,0.0,0.0,0.0,0.0,0.0,0.0
mlp,statistics_s4,embedding,cycle,3,-4.625929269271485e-18,8.012344526598183e-18,0.0010935489039849808,0.001746121134791041,0.0,0.0,0.0,0.0,0.0,0.0,0.0,0.0
mlp,statistics_s4,embedding,global_run,3,9.25185853854297e-18,1.6024689053196365e-17,-0.0006819194478524688,0.0038367675201430576,0.0,0.0,0.0,0.0,0.0,0.0,0.0,0.0
mlp,statistics_s4,embedding,all,3,5.782411586589357e-18,2.0030861316495456e-18,0.00028496633160624013,0.0007631692143672947,-7.401486830834377e-17,1.2819751242557092e-16,0.0,0.0,0.0,0.0,0.0,0.0
mlp,statistics_s4,block_01,local,3,0.0879995343254889,0.004293466302759272,0.28145930884541165,0.005658043399667165,-0.04606249610560927,0.0022854438504871727,0.0076141357421875,0.001749977558707353,0.0,0.0,0.0076141357421875,0.001749977558707353
mlp,statistics_s4,block_01,positional,3,0.2296344123575894,0.006933699248303699,0.39059764771542776,0.019455448297330532,-0.12547210687919266,0.0037618058651083005,0.049158732096354164,0.004157406356277421,0.0,0.0,0.049158732096354164,0.004157406356277421
mlp,statistics_s4,block_01,cycle,3,0.02760286090711093,0.003143558736427296,0.1153807631609834,0.005402582047899737,-0.014040510176320168,0.0016357046885314241,0.0095977783203125,0.0016678212433389797,0.0,0.0,0.0095977783203125,0.0016678212433389797
mlp,statistics_s4,block_01,global_run,3,0.18913300483755732,0.007172990180585736,0.3810193454635386,0.01298512958133153,-0.11003274795548974,0.004354433505567069,0.028106689453125,0.007053242172050479,0.0,0.0,0.028106689453125,0.007053242172050479
mlp,statistics_s4,block_01,all,3,0.13359245310693665,0.005193380249786159,0.2921142662963403,0.010497261538125208,-0.073901965279153,0.0029319166084636585,0.023619333902994793,0.0029655004441793303,0.0,0.0,0.023619333902994793,0.0029655004441793303
mlp,statistics_s4,final_norm,local,3,0.08529146123441556,0.003858759051089374,0.2778111086777029,0.006715374268406613,-0.04472355516634056,0.0020651869769475364,0.005167643229166667,0.001955289436122205,0.0,0.0,0.005167643229166667,0.001955289436122205
mlp,statistics_s4,final_norm,positional,3,0.21497431591981223,0.007119807441741696,0.37572498380554115,0.011073415581830398,-0.11678797233650955,0.004163964686392148,0.039988199869791664,0.0024002581229496758,0.0,0.0,0.039988199869791664,0.0024002581229496758
mlp,statistics_s4,final_norm,cycle,3,0.024224056516830947,0.0019220678550021728,0.09944251905912622,0.00396310062382695,-0.01230946277271816,0.0010067565456142046,0.004740397135416667,0.002326769377582215,0.0,0.0,0.004740397135416667,0.002326769377582215
mlp,statistics_s4,final_norm,global_run,3,0.18652184160166563,0.005733971744429511,0.3774093402558873,0.005279277388630658,-0.10889196676419637,0.003737432167810564,0.020940144856770832,0.005013210842115115,0.0,0.0,0.020940144856770832,0.005013210842115115
mlp,statistics_s4,final_norm,all,3,0.1277529188181811,0.004527316150601875,0.2825969879495644,0.00476433288515908,-0.07067823925994117,0.0026890205862022203,0.017709096272786457,0.001561629778207456,0.0,0.0,0.017709096272786457,0.001561629778207456
mlp,algebra_a4,embedding,local,3,4.625929269271485e-18,3.4925000092272717e-17,-0.0002788749043834986,0.0008309227443279246,0.0,0.0,0.0,0.0,0.0,0.0,0.0,0.0
mlp,algebra_a4,embedding,positional,3,-1.850371707708594e-17,4.239734207189668e-17,4.054401109138533e-06,0.00040807816606904993,7.401486830834377e-17,1.2819751242557092e-16,0.0,0.0,0.0,0.0,0.0,0.0
mlp,algebra_a4,embedding,cycle,3,1.3877787807814457e-17,1.3877787807814457e-17,2.3540587581954438e-05,0.00012953684010069797,0.0,0.0,0.0,0.0,0.0,0.0,0.0,0.0
mlp,algebra_a4,embedding,global_run,3,-9.25185853854297e-18,1.6024689053196365e-17,-0.0005009917234401954,0.0030984940167142015,0.0,0.0,0.0,0.0,0.0,0.0,0.0,0.0
mlp,algebra_a4,embedding,all,3,-2.3129646346357427e-18,8.731250023068179e-18,-0.00018806790978315036,0.0010415424528270884,0.0,2.220446049250313e-16,0.0,0.0,0.0,0.0,0.0,0.0
mlp,algebra_a4,block_01,local,3,0.0933341056113632,0.004189747554917721,0.2885447880384523,0.0024094917475793857,-0.04917475147053355,0.002274398145868748,0.00014241536458333334,0.0014602536234492587,0.0,0.0,0.00014241536458333334,0.0014602536234492587
mlp,algebra_a4,block_01,positional,3,0.18550496474178937,0.024969266580084425,0.34208678961321276,0.028778537846324524,-0.10049476108345738,0.013777716065839241,0.023015340169270832,0.005307653766823044,0.0,0.0,0.023015340169270832,0.005307653766823044
mlp,algebra_a4,block_01,cycle,3,0.012191602144882865,0.0008458603325835224,0.06204778907039976,0.001721731911634522,-0.006146200216436378,0.0004356719714275881,-0.0004374186197916667,0.001557019676156548,0.0,0.0,-0.0004374186197916667,0.001557019676156548
mlp,algebra_a4,block_01,global_run,3,0.20825292607926893,0.012456832171069682,0.39957167173698904,0.010556146624315931,-0.12201719082901323,0.008003672781074889,0.007807413736979167,0.0006376518752691061,0.0,0.0,0.007807413736979167,0.0006376518752691061
mlp,algebra_a4,block_01,all,3,0.12482089964432612,0.01029136052949907,0.27306275961476345,0.009426223923553332,-0.06945822589986021,0.005944860626415978,0.007631937662760417,0.0021826947512772906,0.0,0.0,0.007631937662760417,0.0021826947512772906
mlp,algebra_a4,final_norm,local,3,0.10045076613649401,0.00231642294739995,0.30175073616838327,0.003060387476300639,-0.05306990329862763,0.0012298687810357043,-0.0010477701822916667,0.0019976973851016265,0.0,0.0,-0.0010477701822916667,0.0019976973851016265
mlp,algebra_a4,final_norm,positional,3,0.18885941510361873,0.02343273967101813,0.34574067144281084,0.028065032612086625,-0.10241741246895204,0.012835603539500104,0.021657307942708332,0.0031477640447702916,0.0,0.0,0.021657307942708332,0.0031477640447702916
mlp,algebra_a4,final_norm,cycle,3,0.01345919191989832,0.0006525582870934544,0.0637298718398404,0.004107933673534746,-0.0067929067357520205,0.00033794154540085124,0.0003407796223958333,0.0005782926720109015,0.0,0.0,0.0003407796223958333,0.0005782926720109015
mlp,algebra_a4,final_norm,global_run,3,0.2144321978177585,0.009071311674778345,0.4071676874590366,0.006642654276258064,-0.12583931660052913,0.006027751720134507,0.009521484375,0.0012402870887907834,0.0,0.0,0.009521484375,0.0012402870887907834
mlp,algebra_a4,final_norm,all,3,0.12930039274444238,0.008751247853302146,0.27959724172751776,0.009469579846882684,-0.07202988477596521,0.005032485424776055,0.007617950439453125,0.0015147806920884994,0.0,0.0,0.007617950439453125,0.0015147806920884994
