replicate_id,model_seed,trained_task_count,layer,pool_direction_count,length_conditioned_r2,pearson_r,normalized_rmse,exact_accuracy,length_mode_baseline_accuracy,exact_accuracy_minus_baseline
r0,17,1,embedding,2,-6.938893903907228e-18,-0.0010408173197787606,1.0251327043353742,0.38741302490234375,0.42256927490234375,-0.03515625
r0,17,1,block_01,2,0.16520138343248914,0.36224317325048816,0.931624993774935,0.4507293701171875,0.42256927490234375,0.02816009521484375
r0,17,1,block_02,2,0.25598786220608416,0.4643320953999679,0.875904815709781,0.476043701171875,0.42256927490234375,0.05347442626953125
r0,17,1,block_03,2,0.2575264926467273,0.4664039101474524,0.875012930911478,0.47625732421875,0.42256927490234375,0.05368804931640625
r0,17,1,block_04,2,0.24295651276280772,0.451712763991865,0.8843392370900262,0.46987152099609375,0.42256927490234375,0.04730224609375
r0,17,1,final_norm,2,0.24304064289759825,0.45290359511061606,0.8842497417214659,0.46891021728515625,0.42256927490234375,0.0463409423828125
r0,17,2,embedding,2,0.0,-0.0007203280927387042,1.0251327043353742,0.38741302490234375,0.42256927490234375,-0.03515625
r0,17,2,block_01,2,0.16692067809716604,0.3683837189411087,0.9309284716925484,0.45751953125,0.42256927490234375,0.03495025634765625
r0,17,2,block_02,2,0.2570601363747441,0.47214561503995733,0.8757018333277993,0.4807891845703125,0.42256927490234375,0.05821990966796875
r0,17,2,block_03,2,0.2669666919525955,0.4846652409688293,0.8695238579826104,0.48236846923828125,0.42256927490234375,0.0597991943359375
r0,17,2,block_04,2,0.2665092811591034,0.4830767130823218,0.8693757123817959,0.4828338623046875,0.42256927490234375,0.06026458740234375
r0,17,2,final_norm,2,0.26254563915908746,0.47978144450656485,0.8722160831250289,0.480499267578125,0.42256927490234375,0.05792999267578125
r0,17,4,embedding,2,0.0,-0.0015199417909327892,1.0251327043353742,0.38741302490234375,0.42256927490234375,-0.03515625
r0,17,4,block_01,2,0.20126113045931882,0.41986717528977463,0.91083125490297,0.46782684326171875,0.42256927490234375,0.045257568359375
r0,17,4,block_02,2,0.27125831954781143,0.4921145325915088,0.8669017852593107,0.48593902587890625,0.42256927490234375,0.0633697509765625
r0,17,4,block_03,2,0.28500792086303245,0.5037208057851658,0.8572176617898297,0.4902496337890625,0.42256927490234375,0.06768035888671875
r0,17,4,block_04,2,0.28972279081233676,0.5081799092857324,0.8542152916401287,0.4888763427734375,0.42256927490234375,0.06630706787109375
r0,17,4,final_norm,2,0.2835287350374851,0.5030389626268279,0.8586341308175012,0.48740386962890625,0.42256927490234375,0.0648345947265625
r0,17,8,embedding,2,6.938893903907228e-18,-0.000362116242476805,1.0251327043353742,0.38741302490234375,0.42256927490234375,-0.03515625
r0,17,8,block_01,2,0.19799326965964978,0.4150009755741491,0.9138652154304945,0.46047210693359375,0.42256927490234375,0.03790283203125
r0,17,8,block_02,2,0.27829993433304545,0.4931680769819701,0.8609042815472073,0.4864654541015625,0.42256927490234375,0.06389617919921875
r0,17,8,block_03,2,0.29745016229046783,0.5129257531347937,0.8481620079832353,0.4946136474609375,0.42256927490234375,0.07204437255859375
r0,17,8,block_04,2,0.3054286915325597,0.5224679713384174,0.8433977033863204,0.49596405029296875,0.42256927490234375,0.073394775390625
r0,17,8,final_norm,2,0.29342786828380363,0.5112454146938843,0.8517126233087138,0.49120330810546875,0.42256927490234375,0.068634033203125
r0,17,16,embedding,2,-2.0816681711721685e-17,-0.00045938962431851387,1.0251327043353742,0.38741302490234375,0.42256927490234375,-0.03515625
r0,17,16,block_01,2,0.23441548299568288,0.4508474599648695,0.8891778266649257,0.47388458251953125,0.42256927490234375,0.0513153076171875
r0,17,16,block_02,2,0.30129254104249925,0.5114096895196399,0.8441273847614493,0.49559783935546875,0.42256927490234375,0.073028564453125
r0,17,16,block_03,2,0.31049657585644186,0.5198536252970707,0.8379007071796453,0.500579833984375,0.42256927490234375,0.07801055908203125
r0,17,16,block_04,2,0.32004357887542817,0.5274908611018803,0.8302687653518832,0.5040206909179688,0.42256927490234375,0.081451416015625
r0,17,16,final_norm,2,0.311234822500683,0.5212220449451641,0.8371626814416684,0.5007553100585938,0.42256927490234375,0.07818603515625
r1,42,1,embedding,2,-6.938893903907228e-18,-0.0007716871465627433,1.0251327043353742,0.38741302490234375,0.42256927490234375,-0.03515625
r1,42,1,block_01,2,0.08969926277378357,0.2617357431890152,0.9770360389316495,0.41924285888671875,0.42256927490234375,-0.003326416015625
r1,42,1,block_02,2,0.10444857176140795,0.29585779072350293,0.9692386697045019,0.4200439453125,0.42256927490234375,-0.00252532958984375
r1,42,1,block_03,2,0.11244469744003345,0.30813496257701684,0.9648466953466958,0.422821044921875,0.42256927490234375,0.00025177001953125
r1,42,1,block_04,2,0.11110969727772842,0.30546574554862715,0.965558187831279,0.42362213134765625,0.42256927490234375,0.0010528564453125
r1,42,1,final_norm,2,0.10884399631793011,0.3036763279998822,0.9669699087767711,0.42319488525390625,0.42256927490234375,0.0006256103515625
r1,42,2,embedding,2,-1.3877787807814457e-17,-0.0009290265833160137,1.0251327043353742,0.38741302490234375,0.42256927490234375,-0.03515625
r1,42,2,block_01,2,0.14131860413711,0.35290943826917476,0.9483289661090628,0.4425048828125,0.42256927490234375,0.01993560791015625
r1,42,2,block_02,2,0.19888886813188306,0.4201339305180658,0.9141635653412201,0.45864105224609375,0.42256927490234375,0.03607177734375
r1,42,2,block_03,2,0.20747715068548056,0.43212194424133404,0.9093238025157355,0.46091461181640625,0.42256927490234375,0.0383453369140625
r1,42,2,block_04,2,0.2072048501470404,0.4344166454337999,0.9096258554895429,0.46141815185546875,0.42256927490234375,0.038848876953125
r1,42,2,final_norm,2,0.20509143908784574,0.4324929962660762,0.9108554500768318,0.4599456787109375,0.42256927490234375,0.03737640380859375
r1,42,4,embedding,2,-6.938893903907228e-18,-0.0006174374461738602,1.0251327043353742,0.38741302490234375,0.42256927490234375,-0.03515625
r1,42,4,block_01,2,0.1850840734199995,0.41227620911270224,0.9229477097969583,0.45612335205078125,0.42256927490234375,0.0335540771484375
r1,42,4,block_02,2,0.2696318264656419,0.4974176029343686,0.8708805437990805,0.47918701171875,0.42256927490234375,0.05661773681640625
r1,42,4,block_03,2,0.2928926573144257,0.5167916678436077,0.85445604222002,0.48851776123046875,0.42256927490234375,0.065948486328125
r1,42,4,block_04,2,0.28853049772226325,0.5124750679579759,0.8571920991392706,0.48636627197265625,0.42256927490234375,0.0637969970703125
r1,42,4,final_norm,2,0.27480108673764597,0.4988779140758961,0.865962818403925,0.48273468017578125,0.42256927490234375,0.0601654052734375
r1,42,8,embedding,2,6.938893903907228e-18,-0.0013399340981811712,1.0251327043353742,0.38741302490234375,0.42256927490234375,-0.03515625
r1,42,8,block_01,2,0.2067131722796763,0.42775945521553166,0.9083756116573566,0.46417999267578125,0.42256927490234375,0.0416107177734375
r1,42,8,block_02,2,0.30661747039577825,0.5254729034340451,0.8445532555654481,0.497161865234375,0.42256927490234375,0.07459259033203125
r1,42,8,block_03,2,0.3287416197773686,0.5456903109366262,0.8295712673625129,0.5050277709960938,0.42256927490234375,0.08245849609375
r1,42,8,block_04,2,0.33562094527120767,0.5535124941613602,0.8245671518142943,0.5067291259765625,0.42256927490234375,0.08415985107421875
r1,42,8,final_norm,2,0.32648242835852964,0.5452379980913815,0.8312755367334805,0.502105712890625,0.42256927490234375,0.07953643798828125
r1,42,16,embedding,2,-3.469446951953614e-18,0.001042903164896346,1.0251327043353742,0.38741302490234375,0.42256927490234375,-0.03515625
r1,42,16,block_01,2,0.21309117857574733,0.43388220922118304,0.9043676404163107,0.46338653564453125,0.42256927490234375,0.0408172607421875
r1,42,16,block_02,2,0.2806114967244635,0.49596211968656007,0.859498103883813,0.48630523681640625,0.42256927490234375,0.0637359619140625
r1,42,16,block_03,2,0.29093718878435304,0.5050685315985235,0.851836361272059,0.49060821533203125,0.42256927490234375,0.0680389404296875
r1,42,16,block_04,2,0.2932132403459816,0.5082521412393817,0.8506524083788891,0.4901885986328125,0.42256927490234375,0.06761932373046875
r1,42,16,final_norm,2,0.2830222909585424,0.4991206033006741,0.8580056714084761,0.48685455322265625,0.42256927490234375,0.0642852783203125
r2,101,1,embedding,2,0.0,-2.4247680105445404e-05,1.0251327043353742,0.38707733154296875,0.42256927490234375,-0.035491943359375
r2,101,1,block_01,2,0.15410208776561152,0.3632516717199765,0.9401348234706505,0.44866180419921875,0.42256927490234375,0.026092529296875
r2,101,1,block_02,2,0.24807059280760468,0.4667501419221814,0.882273564608218,0.473419189453125,0.42256927490234375,0.05084991455078125
r2,101,1,block_03,2,0.25818229804014664,0.4744204994078861,0.8747357290790554,0.47783660888671875,0.42256927490234375,0.055267333984375
r2,101,1,block_04,2,0.24156126271849326,0.45866439175203744,0.8853948638390823,0.47171783447265625,0.42256927490234375,0.0491485595703125
r2,101,1,final_norm,2,0.24151778742300584,0.45958432818139294,0.8854775193189903,0.47259521484375,0.42256927490234375,0.05002593994140625
r2,101,2,embedding,2,0.0,-0.0002906638690577635,1.0251327043353742,0.38741302490234375,0.42256927490234375,-0.03515625
r2,101,2,block_01,2,0.1985783587910847,0.41160514103109225,0.9130411957478094,0.46134185791015625,0.42256927490234375,0.0387725830078125
r2,101,2,block_02,2,0.2916778281166871,0.5056764510060008,0.8538777234987335,0.489898681640625,0.42256927490234375,0.06732940673828125
r2,101,2,block_03,2,0.29065736685812826,0.5045624744899212,0.8542506168909942,0.48809814453125,0.42256927490234375,0.06552886962890625
r2,101,2,block_04,2,0.27539239995260023,0.49052613955644,0.8643430667667031,0.48416900634765625,0.42256927490234375,0.0615997314453125
r2,101,2,final_norm,2,0.2663802501942678,0.4783098594066729,0.8696492455701222,0.48004913330078125,0.42256927490234375,0.0574798583984375
r2,101,4,embedding,2,6.938893903907228e-18,-0.00039278482589391876,1.0251327043353742,0.38741302490234375,0.42256927490234375,-0.03515625
r2,101,4,block_01,2,0.21339979192664899,0.43064239306331653,0.9034139765356078,0.46460723876953125,0.42256927490234375,0.0420379638671875
r2,101,4,block_02,2,0.27374486995025127,0.4878018241634204,0.8637151489172447,0.4832763671875,0.42256927490234375,0.06070709228515625
r2,101,4,block_03,2,0.2775343827450074,0.49258137145110903,0.8613113696784471,0.48598480224609375,0.42256927490234375,0.06341552734375
r2,101,4,block_04,2,0.27017333949871114,0.48664910881668777,0.8666916727065815,0.4811859130859375,0.42256927490234375,0.05861663818359375
r2,101,4,final_norm,2,0.2535332685231802,0.4661776041752389,0.8768950687259317,0.47418975830078125,0.42256927490234375,0.0516204833984375
r2,101,8,embedding,2,-1.3877787807814457e-17,-0.0002882568265983555,1.0251327043353742,0.38741302490234375,0.42256927490234375,-0.03515625
r2,101,8,block_01,2,0.18348149834168828,0.4048851190850006,0.9231855038386587,0.45540618896484375,0.42256927490234375,0.0328369140625
r2,101,8,block_02,2,0.2913258114202907,0.5055800824923263,0.8512490182943262,0.494354248046875,0.42256927490234375,0.07178497314453125
r2,101,8,block_03,2,0.303378200200851,0.5180647966199498,0.842245363444895,0.5014724731445312,0.42256927490234375,0.0789031982421875
r2,101,8,block_04,2,0.3066415930243849,0.5209582211666001,0.8394380096277798,0.502593994140625,0.42256927490234375,0.08002471923828125
r2,101,8,final_norm,2,0.3007834165635931,0.5173373415310593,0.8448366896642895,0.49727630615234375,0.42256927490234375,0.07470703125
r2,101,16,embedding,2,0.0,0.0001712701649751998,1.0251327043353742,0.38741302490234375,0.42256927490234375,-0.03515625
r2,101,16,block_01,2,0.22841360385006187,0.4480271825344428,0.8931193101578526,0.47308349609375,0.42256927490234375,0.05051422119140625
r2,101,16,block_02,2,0.2698538548329763,0.4850211403982287,0.8650502833797304,0.48426055908203125,0.42256927490234375,0.0616912841796875
r2,101,16,block_03,2,0.29063743225625954,0.5031437029739254,0.8520163266175906,0.4918670654296875,0.42256927490234375,0.06929779052734375
r2,101,16,block_04,2,0.30173339174612857,0.515133784424388,0.8447480771211157,0.49434661865234375,0.42256927490234375,0.07177734375
r2,101,16,final_norm,2,0.29613748299806686,0.5114825623620785,0.848993202101241,0.49170684814453125,0.42256927490234375,0.0691375732421875
