trained_task_count,layer,replicate_count,length_conditioned_r2_mean,length_conditioned_r2_sample_sd,pearson_r_mean,pearson_r_sample_sd,normalized_rmse_mean,normalized_rmse_sample_sd,exact_accuracy_mean,exact_accuracy_sample_sd,length_mode_baseline_accuracy_mean,length_mode_baseline_accuracy_sample_sd,exact_accuracy_minus_baseline_mean,exact_accuracy_minus_baseline_sample_sd
1,embedding,3,-4.625929269271485e-18,4.006172263299091e-18,-0.0006122507154823165,0.0005267052683836865,1.0251327043353742,0.0,0.38730112711588544,0.00019381265140032603,0.42256927490234375,0.0,-0.035268147786458336,0.00019381265140032603
1,block_01,3,0.13633424465729474,0.04076658855646071,0.3290768627198266,0.05832130015730114,0.9495986187257449,0.024139455690405532,0.439544677734375,0.01761225691382494,0.42256927490234375,0.0,0.01697540283203125,0.01761225691382494
1,block_02,3,0.20283567559169893,0.08529764028838294,0.4089800093485507,0.09797417515465864,0.909139016674167,0.05214514801405612,0.4565022786458333,0.03160110073278773,0.42256927490234375,0.0,0.033933003743489586,0.03160110073278773
1,block_03,3,0.20938449604230247,0.08395296858935285,0.4163197907107851,0.09377651200909726,0.904865118445743,0.051945754262092025,0.45897165934244794,0.03131730715202572,0.42256927490234375,0.0,0.036402384440104164,0.03131730715202572
1,block_04,3,0.19854249091967646,0.07572223407756894,0.4052809670975099,0.08651236976160348,0.9117640962534624,0.046590039745316954,0.45507049560546875,0.02725072346255193,0.42256927490234375,0.0,0.032501220703125,0.02725072346255193
1,final_norm,3,0.19780080887951138,0.07704262228167182,0.4053880837639638,0.08814827845199175,0.9122323899390757,0.047408056655356974,0.4549001057942708,0.02751927613304132,0.42256927490234375,0.0,0.032330830891927086,0.02751927613304132
2,embedding,3,-4.625929269271485e-18,8.012344526598183e-18,-0.0006466728483708271,0.00032549279562835,1.0251327043353742,0.0,0.38741302490234375,0.0,0.42256927490234375,0.0,-0.03515625,0.0
2,block_01,3,0.16893921367512024,0.02868319612888258,0.3776327660804586,0.03042129246791265,0.9307662111831402,0.01764444475243763,0.45378875732421875,0.00995725430384287,0.42256927490234375,0.0,0.031219482421875,0.00995725430384287
2,block_02,3,0.2492089442077714,0.04689007024517494,0.4659853321880079,0.04310269732243227,0.881247707389251,0.03052315876500072,0.47644297281901044,0.01607566534491911,0.42256927490234375,0.0,0.053873697916666664,0.01607566534491911
2,block_03,3,0.2550337364987348,0.042854797398073984,0.4737832199000282,0.03742621264008009,0.8776994257964468,0.028432268209259693,0.4771270751953125,0.01432969892740236,0.42256927490234375,0.0,0.05455780029296875,0.01432969892740236
2,block_04,3,0.249702177086248,0.0370708045179528,0.46933983269085394,0.03047286079188772,0.8811148782126806,0.024819120641817564,0.4761403401692708,0.01276725397116219,0.42256927490234375,0.0,0.053571065266927086,0.01276725397116219
2,final_norm,3,0.24467244281373368,0.03433173389750869,0.4635281000597713,0.026887257972702028,0.884240259590661,0.023085134550608274,0.47349802652994794,0.011738835281768258,0.42256927490234375,0.0,0.050928751627604164,0.011738835281768258
4,embedding,3,0.0,6.938893903907228e-18,-0.0008433880210001894,0.0005965827290972903,1.0251327043353742,0.0,0.38741302490234375,0.0,0.42256927490234375,0.0,-0.03515625,0.0
4,block_01,3,0.1999149986019891,0.014205774595914916,0.42092859248859776,0.009228983317756009,0.912397647078512,0.009860622298673476,0.46285247802734375,0.006045851104506681,0.42256927490234375,0.0,0.040283203125,0.006045851104506681
4,block_02,3,0.2715450053212349,0.002071454374608449,0.49244465322976594,0.004816381948081678,0.8671658259918787,0.0035899873376519288,0.48280080159505206,0.0034010359861780175,0.42256927490234375,0.0,0.060231526692708336,0.0034010359861780175
4,block_03,3,0.2851449869741552,0.007680054672756172,0.5043646150266275,0.012117981705205814,0.8576616912294323,0.003449166601947702,0.488250732421875,0.0021449184858496487,0.42256927490234375,0.0,0.06568145751953125,0.0021449184858496487
4,block_04,3,0.2828088760111037,0.010958922297386898,0.5024346953534654,0.013838376123574178,0.859366354495327,0.006516176861767998,0.48547617594401044,0.0039217190618086924,0.42256927490234375,0.0,0.06290690104166667,0.0039217190618086924
4,final_norm,3,0.2706210300994371,0.015428436666644884,0.489364826959321,0.020188215785199883,0.8671640059824526,0.00918953763923929,0.48144276936848956,0.006701116302416942,0.42256927490234375,0.0,0.058873494466145836,0.006701116302416942
8,embedding,3,0.0,1.2018516789897274e-17,-0.0006634357224187772,0.0005870275484467014,1.0251327043353742,0.0,0.38741302490234375,0.0,0.42256927490234375,0.0,-0.03515625,0.0
8,block_01,3,0.19606264676033813,0.011735550565472331,0.4158818499582271,0.011462581215133157,0.9151421103088366,0.007487060304498738,0.46001942952473956,0.004404383670490158,0.42256927490234375,0.0,0.037450154622395836,0.004404383670490158
8,block_02,3,0.2920810720497048,0.014173867719497045,0.5080736876361138,0.01629613460255262,0.8522355184689939,0.008220030389846839,0.4926605224609375,0.005545703972525336,0.42256927490234375,0.0,0.07009124755859375,0.005545703972525336
8,block_03,3,0.30985666075622914,0.01662127150037934,0.5255602868971233,0.017621459725539416,0.8399928795968811,0.00949785090538472,0.5003712972005209,0.0052936691997256735,0.42256927490234375,0.0,0.07780202229817708,0.0052936691997256735
8,block_04,3,0.3158970766093841,0.01709213353413985,0.5323128955554592,0.01837490332447532,0.8358009549427982,0.009928169177287604,0.5017623901367188,0.005430505274176616,0.42256927490234375,0.0,0.079193115234375,0.005430505274176616
8,final_norm,3,0.30689790440197545,0.01735486118001847,0.5246069181054417,0.018124816942166846,0.8426082832354945,0.010399181377868908,0.4968617757161458,0.005463010537858252,0.42256927490234375,0.0,0.07429250081380208,0.005463010537858252
16,embedding,3,-8.0953762212251e-18,1.1152711579477387e-17,0.0002515945685176773,0.0007543605991070066,1.0251327043353742,0.0,0.38741302490234375,0.0,0.42256927490234375,0.0,-0.03515625,0.0
16,block_01,3,0.22530675514049736,0.01099640265844302,0.44425228390683175,0.009090782581031917,0.895554925746363,0.007882371338733474,0.4701182047526042,0.005843540159939877,0.42256927490234375,0.0,0.047548929850260414,0.005843540159939877
16,block_02,3,0.283919297533313,0.015978232295485045,0.49746431653480955,0.013258255077929814,0.8562252573416642,0.0108386145338811,0.48872121175130206,0.006042448358418337,0.42256927490234375,0.0,0.06615193684895833,0.006042448358418337
16,block_03,3,0.2973570656323515,0.0113801366507949,0.5093552866231732,0.009142624212577416,0.847251131689765,0.00809820509563591,0.49435170491536456,0.0054303194811430484,0.42256927490234375,0.0,0.07178243001302083,0.0054303194811430484
16,block_04,3,0.30499673698917945,0.01370962556135955,0.5169589289218833,0.009748356262184798,0.8418897502839626,0.010488124236206082,0.496185302734375,0.007096989757031222,0.42256927490234375,0.0,0.07361602783203125,0.007096989757031222
16,final_norm,3,0.29679819881909747,0.014117866094108896,0.5106084035359723,0.011076621593750684,0.8480538516504618,0.010453197699323664,0.49310557047526044,0.007055145517409695,0.42256927490234375,0.0,0.07053629557291667,0.007055145517409695
